ImageID,"(T_A, T_B)",optA_img,optB_img,true_img,baseline_img,humanChoice,rejectionChoice
0,"(np.float64(0.3862087586055609), np.float64(0.8811541068665437))",DPO_dataset/Img_A/A_0.png,DPO_dataset/Img_B/B_0.png,DPO_dataset/Img_true/Real_0.png,DPO_dataset/Img_baseline/Baseline_0.png,,
1,"(np.float64(0.29168722324909263), np.float64(0.7999517551307871))",DPO_dataset/Img_A/A_1.png,DPO_dataset/Img_B/B_1.png,DPO_dataset/Img_true/Real_1.png,DPO_dataset/Img_baseline/Baseline_1.png,DPO_dataset/Img_B/B_1.png,DPO_dataset/Img_A/A_1.png
2,"(np.float64(0.250833915084797), np.float64(0.7850769111822482))",DPO_dataset/Img_A/A_2.png,DPO_dataset/Img_B/B_2.png,DPO_dataset/Img_true/Real_2.png,DPO_dataset/Img_baseline/Baseline_2.png,,
3,"(np.float64(0.36056603902615647), np.float64(0.8500233181775163))",DPO_dataset/Img_A/A_3.png,DPO_dataset/Img_B/B_3.png,DPO_dataset/Img_true/Real_3.png,DPO_dataset/Img_baseline/Baseline_3.png,,
4,"(np.float64(0.4559881344030133), np.float64(0.8296494207206447))",DPO_dataset/Img_A/A_4.png,DPO_dataset/Img_B/B_4.png,DPO_dataset/Img_true/Real_4.png,DPO_dataset/Img_baseline/Baseline_4.png,DPO_dataset/Img_B/B_4.png,DPO_dataset/Img_A/A_4.png
5,"(np.float64(0.34151985817372255), np.float64(0.860054938083302))",DPO_dataset/Img_A/A_5.png,DPO_dataset/Img_B/B_5.png,DPO_dataset/Img_true/Real_5.png,DPO_dataset/Img_baseline/Baseline_5.png,,
6,"(np.float64(0.4862326521250368), np.float64(0.7525767163224627))",DPO_dataset/Img_A/A_6.png,DPO_dataset/Img_B/B_6.png,DPO_dataset/Img_true/Real_6.png,DPO_dataset/Img_baseline/Baseline_6.png,DPO_dataset/Img_A/A_6.png,DPO_dataset/Img_B/B_6.png
7,"(np.float64(0.46609127670958556), np.float64(0.7369373834320225))",DPO_dataset/Img_A/A_7.png,DPO_dataset/Img_B/B_7.png,DPO_dataset/Img_true/Real_7.png,DPO_dataset/Img_baseline/Baseline_7.png,,
8,"(np.float64(0.36231013336496914), np.float64(0.6688696729622294))",DPO_dataset/Img_A/A_8.png,DPO_dataset/Img_B/B_8.png,DPO_dataset/Img_true/Real_8.png,DPO_dataset/Img_baseline/Baseline_8.png,,
9,"(np.float64(0.37372288891710964), np.float64(0.7704624545046865))",DPO_dataset/Img_A/A_9.png,DPO_dataset/Img_B/B_9.png,DPO_dataset/Img_true/Real_9.png,DPO_dataset/Img_baseline/Baseline_9.png,,
10,"(np.float64(0.3821918105847003), np.float64(0.8843638543745511))",DPO_dataset/Img_A/A_10.png,DPO_dataset/Img_B/B_10.png,DPO_dataset/Img_true/Real_10.png,DPO_dataset/Img_baseline/Baseline_10.png,,
11,"(np.float64(0.1404811909612029), np.float64(0.7744760179573202))",DPO_dataset/Img_A/A_11.png,DPO_dataset/Img_B/B_11.png,DPO_dataset/Img_true/Real_11.png,DPO_dataset/Img_baseline/Baseline_11.png,,
12,"(np.float64(0.301905275593956), np.float64(0.81713477007405))",DPO_dataset/Img_A/A_12.png,DPO_dataset/Img_B/B_12.png,DPO_dataset/Img_true/Real_12.png,DPO_dataset/Img_baseline/Baseline_12.png,,
13,"(np.float64(0.4197744250464728), np.float64(0.6542739450747097))",DPO_dataset/Img_A/A_13.png,DPO_dataset/Img_B/B_13.png,DPO_dataset/Img_true/Real_13.png,DPO_dataset/Img_baseline/Baseline_13.png,DPO_dataset/Img_B/B_13.png,DPO_dataset/Img_B/B_13.png
14,"(np.float64(0.2834339902773598), np.float64(0.7553228666983806))",DPO_dataset/Img_A/A_14.png,DPO_dataset/Img_B/B_14.png,DPO_dataset/Img_true/Real_14.png,DPO_dataset/Img_baseline/Baseline_14.png,,
15,"(np.float64(0.2294708296371551), np.float64(0.6972213472908442))",DPO_dataset/Img_A/A_15.png,DPO_dataset/Img_B/B_15.png,DPO_dataset/Img_true/Real_15.png,DPO_dataset/Img_baseline/Baseline_15.png,DPO_dataset/Img_B/B_15.png,DPO_dataset/Img_B/B_15.png
16,"(np.float64(0.2491203767163731), np.float64(0.7991681350771503))",DPO_dataset/Img_A/A_16.png,DPO_dataset/Img_B/B_16.png,DPO_dataset/Img_true/Real_16.png,DPO_dataset/Img_baseline/Baseline_16.png,,
17,"(np.float64(0.3076092096728252), np.float64(0.7245056208874137))",DPO_dataset/Img_A/A_17.png,DPO_dataset/Img_B/B_17.png,DPO_dataset/Img_true/Real_17.png,DPO_dataset/Img_baseline/Baseline_17.png,DPO_dataset/Img_A/A_17.png,DPO_dataset/Img_A/A_17.png
18,"(np.float64(0.40240886248584923), np.float64(0.8130386090397884))",DPO_dataset/Img_A/A_18.png,DPO_dataset/Img_B/B_18.png,DPO_dataset/Img_true/Real_18.png,DPO_dataset/Img_baseline/Baseline_18.png,DPO_dataset/Img_A/A_18.png,DPO_dataset/Img_B/B_18.png
19,"(np.float64(0.3207953568785516), np.float64(0.7326337531787829))",DPO_dataset/Img_A/A_19.png,DPO_dataset/Img_B/B_19.png,DPO_dataset/Img_true/Real_19.png,DPO_dataset/Img_baseline/Baseline_19.png,,
20,"(np.float64(0.26930026110541383), np.float64(0.8640953724266773))",DPO_dataset/Img_A/A_20.png,DPO_dataset/Img_B/B_20.png,DPO_dataset/Img_true/Real_20.png,DPO_dataset/Img_baseline/Baseline_20.png,DPO_dataset/Img_A/A_20.png,DPO_dataset/Img_A/A_20.png
21,"(np.float64(0.3399397624847701), np.float64(0.7927911869894516))",DPO_dataset/Img_A/A_21.png,DPO_dataset/Img_B/B_21.png,DPO_dataset/Img_true/Real_21.png,DPO_dataset/Img_baseline/Baseline_21.png,DPO_dataset/Img_B/B_21.png,DPO_dataset/Img_B/B_21.png
22,"(np.float64(0.30871604901473426), np.float64(0.7833512674789788))",DPO_dataset/Img_A/A_22.png,DPO_dataset/Img_B/B_22.png,DPO_dataset/Img_true/Real_22.png,DPO_dataset/Img_baseline/Baseline_22.png,,
23,"(np.float64(0.19446145070912604), np.float64(0.8145316561330065))",DPO_dataset/Img_A/A_23.png,DPO_dataset/Img_B/B_23.png,DPO_dataset/Img_true/Real_23.png,DPO_dataset/Img_baseline/Baseline_23.png,DPO_dataset/Img_B/B_23.png,DPO_dataset/Img_A/A_23.png
24,"(np.float64(0.3230068173056589), np.float64(1.0))",DPO_dataset/Img_A/A_24.png,DPO_dataset/Img_B/B_24.png,DPO_dataset/Img_true/Real_24.png,DPO_dataset/Img_baseline/Baseline_24.png,DPO_dataset/Img_A/A_24.png,DPO_dataset/Img_A/A_24.png
25,"(np.float64(0.32822058902830425), np.float64(0.9154757733729688))",DPO_dataset/Img_A/A_25.png,DPO_dataset/Img_B/B_25.png,DPO_dataset/Img_true/Real_25.png,DPO_dataset/Img_baseline/Baseline_25.png,,
26,"(np.float64(0.2893705979604781), np.float64(0.7585596924780393))",DPO_dataset/Img_A/A_26.png,DPO_dataset/Img_B/B_26.png,DPO_dataset/Img_true/Real_26.png,DPO_dataset/Img_baseline/Baseline_26.png,DPO_dataset/Img_A/A_26.png,DPO_dataset/Img_B/B_26.png
27,"(np.float64(0.5014941193982552), np.float64(0.5704148491983375))",DPO_dataset/Img_A/A_27.png,DPO_dataset/Img_B/B_27.png,DPO_dataset/Img_true/Real_27.png,DPO_dataset/Img_baseline/Baseline_27.png,DPO_dataset/Img_A/A_27.png,DPO_dataset/Img_A/A_27.png
28,"(np.float64(0.24858477499700896), np.float64(0.7854322588182693))",DPO_dataset/Img_A/A_28.png,DPO_dataset/Img_B/B_28.png,DPO_dataset/Img_true/Real_28.png,DPO_dataset/Img_baseline/Baseline_28.png,,
29,"(np.float64(0.15327209809025114), np.float64(0.9609247440424373))",DPO_dataset/Img_A/A_29.png,DPO_dataset/Img_B/B_29.png,DPO_dataset/Img_true/Real_29.png,DPO_dataset/Img_baseline/Baseline_29.png,,
30,"(np.float64(0.44557814524482664), np.float64(0.7911973703639995))",DPO_dataset/Img_A/A_30.png,DPO_dataset/Img_B/B_30.png,DPO_dataset/Img_true/Real_30.png,DPO_dataset/Img_baseline/Baseline_30.png,,
31,"(np.float64(0.4243092436610546), np.float64(0.7912316003142518))",DPO_dataset/Img_A/A_31.png,DPO_dataset/Img_B/B_31.png,DPO_dataset/Img_true/Real_31.png,DPO_dataset/Img_baseline/Baseline_31.png,DPO_dataset/Img_B/B_31.png,DPO_dataset/Img_A/A_31.png
32,"(np.float64(0.17216080406768286), np.float64(0.979044070821117))",DPO_dataset/Img_A/A_32.png,DPO_dataset/Img_B/B_32.png,DPO_dataset/Img_true/Real_32.png,DPO_dataset/Img_baseline/Baseline_32.png,DPO_dataset/Img_B/B_32.png,DPO_dataset/Img_B/B_32.png
33,"(np.float64(0.34123406903231135), np.float64(0.8884520493730779))",DPO_dataset/Img_A/A_33.png,DPO_dataset/Img_B/B_33.png,DPO_dataset/Img_true/Real_33.png,DPO_dataset/Img_baseline/Baseline_33.png,,
34,"(np.float64(0.21234123963048337), np.float64(0.8532463512392362))",DPO_dataset/Img_A/A_34.png,DPO_dataset/Img_B/B_34.png,DPO_dataset/Img_true/Real_34.png,DPO_dataset/Img_baseline/Baseline_34.png,,
35,"(np.float64(0.43675377006550303), np.float64(0.857211473663576))",DPO_dataset/Img_A/A_35.png,DPO_dataset/Img_B/B_35.png,DPO_dataset/Img_true/Real_35.png,DPO_dataset/Img_baseline/Baseline_35.png,DPO_dataset/Img_B/B_35.png,DPO_dataset/Img_B/B_35.png
36,"(np.float64(0.4278590003078373), np.float64(0.8254710008579312))",DPO_dataset/Img_A/A_36.png,DPO_dataset/Img_B/B_36.png,DPO_dataset/Img_true/Real_36.png,DPO_dataset/Img_baseline/Baseline_36.png,,
37,"(np.float64(0.2264701807295372), np.float64(0.8336247844916783))",DPO_dataset/Img_A/A_37.png,DPO_dataset/Img_B/B_37.png,DPO_dataset/Img_true/Real_37.png,DPO_dataset/Img_baseline/Baseline_37.png,DPO_dataset/Img_A/A_37.png,DPO_dataset/Img_A/A_37.png
38,"(np.float64(0.3622103409409215), np.float64(0.8850801489388583))",DPO_dataset/Img_A/A_38.png,DPO_dataset/Img_B/B_38.png,DPO_dataset/Img_true/Real_38.png,DPO_dataset/Img_baseline/Baseline_38.png,DPO_dataset/Img_B/B_38.png,DPO_dataset/Img_A/A_38.png
39,"(np.float64(0.20554603520015174), np.float64(0.863169131113775))",DPO_dataset/Img_A/A_39.png,DPO_dataset/Img_B/B_39.png,DPO_dataset/Img_true/Real_39.png,DPO_dataset/Img_baseline/Baseline_39.png,,
40,"(np.float64(0.4892405310954351), np.float64(0.9123053901799104))",DPO_dataset/Img_A/A_40.png,DPO_dataset/Img_B/B_40.png,DPO_dataset/Img_true/Real_40.png,DPO_dataset/Img_baseline/Baseline_40.png,DPO_dataset/Img_A/A_40.png,DPO_dataset/Img_A/A_40.png
41,"(np.float64(0.3707652451664001), np.float64(0.84222511550649))",DPO_dataset/Img_A/A_41.png,DPO_dataset/Img_B/B_41.png,DPO_dataset/Img_true/Real_41.png,DPO_dataset/Img_baseline/Baseline_41.png,,
42,"(np.float64(0.28565511499735957), np.float64(0.7071713403300007))",DPO_dataset/Img_A/A_42.png,DPO_dataset/Img_B/B_42.png,DPO_dataset/Img_true/Real_42.png,DPO_dataset/Img_baseline/Baseline_42.png,,
43,"(np.float64(0.24993211296152154), np.float64(0.8190803228503972))",DPO_dataset/Img_A/A_43.png,DPO_dataset/Img_B/B_43.png,DPO_dataset/Img_true/Real_43.png,DPO_dataset/Img_baseline/Baseline_43.png,DPO_dataset/Img_B/B_43.png,DPO_dataset/Img_A/A_43.png
44,"(np.float64(0.25456751376735387), np.float64(0.9397794943980226))",DPO_dataset/Img_A/A_44.png,DPO_dataset/Img_B/B_44.png,DPO_dataset/Img_true/Real_44.png,DPO_dataset/Img_baseline/Baseline_44.png,DPO_dataset/Img_B/B_44.png,DPO_dataset/Img_B/B_44.png
45,"(np.float64(0.3009744579273932), np.float64(0.8474557001994711))",DPO_dataset/Img_A/A_45.png,DPO_dataset/Img_B/B_45.png,DPO_dataset/Img_true/Real_45.png,DPO_dataset/Img_baseline/Baseline_45.png,,
46,"(np.float64(0.30560358725113934), np.float64(0.7028535960701262))",DPO_dataset/Img_A/A_46.png,DPO_dataset/Img_B/B_46.png,DPO_dataset/Img_true/Real_46.png,DPO_dataset/Img_baseline/Baseline_46.png,,
47,"(np.float64(0.4443944489673206), np.float64(0.8106472221599962))",DPO_dataset/Img_A/A_47.png,DPO_dataset/Img_B/B_47.png,DPO_dataset/Img_true/Real_47.png,DPO_dataset/Img_baseline/Baseline_47.png,,
48,"(np.float64(0.403810419973274), np.float64(0.7768932507651335))",DPO_dataset/Img_A/A_48.png,DPO_dataset/Img_B/B_48.png,DPO_dataset/Img_true/Real_48.png,DPO_dataset/Img_baseline/Baseline_48.png,,
49,"(np.float64(0.3585361839333433), np.float64(0.7349681740389208))",DPO_dataset/Img_A/A_49.png,DPO_dataset/Img_B/B_49.png,DPO_dataset/Img_true/Real_49.png,DPO_dataset/Img_baseline/Baseline_49.png,,
50,"(np.float64(0.3392622354316138), np.float64(0.7780988394663664))",DPO_dataset/Img_A/A_50.png,DPO_dataset/Img_B/B_50.png,DPO_dataset/Img_true/Real_50.png,DPO_dataset/Img_baseline/Baseline_50.png,DPO_dataset/Img_A/A_50.png,None
51,"(np.float64(0.1241619004466602), np.float64(0.8816083396871767))",DPO_dataset/Img_A/A_51.png,DPO_dataset/Img_B/B_51.png,DPO_dataset/Img_true/Real_51.png,DPO_dataset/Img_baseline/Baseline_51.png,,
52,"(np.float64(0.3323801329110443), np.float64(0.9658623451664478))",DPO_dataset/Img_A/A_52.png,DPO_dataset/Img_B/B_52.png,DPO_dataset/Img_true/Real_52.png,DPO_dataset/Img_baseline/Baseline_52.png,DPO_dataset/Img_B/B_52.png,DPO_dataset/Img_A/A_52.png
53,"(np.float64(0.38703804345612147), np.float64(0.7744714082383365))",DPO_dataset/Img_A/A_53.png,DPO_dataset/Img_B/B_53.png,DPO_dataset/Img_true/Real_53.png,DPO_dataset/Img_baseline/Baseline_53.png,,
54,"(np.float64(0.3370042716345004), np.float64(1.0))",DPO_dataset/Img_A/A_54.png,DPO_dataset/Img_B/B_54.png,DPO_dataset/Img_true/Real_54.png,DPO_dataset/Img_baseline/Baseline_54.png,DPO_dataset/Img_B/B_54.png,DPO_dataset/Img_B/B_54.png
55,"(np.float64(0.4384236044317461), np.float64(0.8605367690858299))",DPO_dataset/Img_A/A_55.png,DPO_dataset/Img_B/B_55.png,DPO_dataset/Img_true/Real_55.png,DPO_dataset/Img_baseline/Baseline_55.png,DPO_dataset/Img_A/A_55.png,DPO_dataset/Img_A/A_55.png
56,"(np.float64(0.34582034196187916), np.float64(0.8808907996055191))",DPO_dataset/Img_A/A_56.png,DPO_dataset/Img_B/B_56.png,DPO_dataset/Img_true/Real_56.png,DPO_dataset/Img_baseline/Baseline_56.png,DPO_dataset/Img_A/A_56.png,DPO_dataset/Img_A/A_56.png
57,"(np.float64(0.32417534024960604), np.float64(0.7855918417815784))",DPO_dataset/Img_A/A_57.png,DPO_dataset/Img_B/B_57.png,DPO_dataset/Img_true/Real_57.png,DPO_dataset/Img_baseline/Baseline_57.png,,
58,"(np.float64(0.26123865405605884), np.float64(0.7778248502615267))",DPO_dataset/Img_A/A_58.png,DPO_dataset/Img_B/B_58.png,DPO_dataset/Img_true/Real_58.png,DPO_dataset/Img_baseline/Baseline_58.png,DPO_dataset/Img_A/A_58.png,DPO_dataset/Img_A/A_58.png
59,"(np.float64(0.2865738417810161), np.float64(0.7503526593705638))",DPO_dataset/Img_A/A_59.png,DPO_dataset/Img_B/B_59.png,DPO_dataset/Img_true/Real_59.png,DPO_dataset/Img_baseline/Baseline_59.png,DPO_dataset/Img_B/B_59.png,DPO_dataset/Img_B/B_59.png
60,"(np.float64(0.42887402514751005), np.float64(0.8097194276172153))",DPO_dataset/Img_A/A_60.png,DPO_dataset/Img_B/B_60.png,DPO_dataset/Img_true/Real_60.png,DPO_dataset/Img_baseline/Baseline_60.png,,
61,"(np.float64(0.5533586553809653), np.float64(0.7017730892058591))",DPO_dataset/Img_A/A_61.png,DPO_dataset/Img_B/B_61.png,DPO_dataset/Img_true/Real_61.png,DPO_dataset/Img_baseline/Baseline_61.png,,
62,"(np.float64(0.26369756510134046), np.float64(0.7881985679132818))",DPO_dataset/Img_A/A_62.png,DPO_dataset/Img_B/B_62.png,DPO_dataset/Img_true/Real_62.png,DPO_dataset/Img_baseline/Baseline_62.png,,
63,"(np.float64(0.2723436548293034), np.float64(0.7263599549104004))",DPO_dataset/Img_A/A_63.png,DPO_dataset/Img_B/B_63.png,DPO_dataset/Img_true/Real_63.png,DPO_dataset/Img_baseline/Baseline_63.png,,
64,"(np.float64(0.1979057768706933), np.float64(0.8762066653558859))",DPO_dataset/Img_A/A_64.png,DPO_dataset/Img_B/B_64.png,DPO_dataset/Img_true/Real_64.png,DPO_dataset/Img_baseline/Baseline_64.png,DPO_dataset/Img_B/B_64.png,DPO_dataset/Img_A/A_64.png
65,"(np.float64(0.3457388416889179), np.float64(0.6326425286363311))",DPO_dataset/Img_A/A_65.png,DPO_dataset/Img_B/B_65.png,DPO_dataset/Img_true/Real_65.png,DPO_dataset/Img_baseline/Baseline_65.png,,
66,"(np.float64(0.25934129080833224), np.float64(0.8364492967886465))",DPO_dataset/Img_A/A_66.png,DPO_dataset/Img_B/B_66.png,DPO_dataset/Img_true/Real_66.png,DPO_dataset/Img_baseline/Baseline_66.png,DPO_dataset/Img_B/B_66.png,DPO_dataset/Img_B/B_66.png
67,"(np.float64(0.3305250380126371), np.float64(0.7606498760067258))",DPO_dataset/Img_A/A_67.png,DPO_dataset/Img_B/B_67.png,DPO_dataset/Img_true/Real_67.png,DPO_dataset/Img_baseline/Baseline_67.png,,
68,"(np.float64(0.4432756040197561), np.float64(0.7703332343589466))",DPO_dataset/Img_A/A_68.png,DPO_dataset/Img_B/B_68.png,DPO_dataset/Img_true/Real_68.png,DPO_dataset/Img_baseline/Baseline_68.png,,
69,"(np.float64(0.31030726974831174), np.float64(0.7984056438883748))",DPO_dataset/Img_A/A_69.png,DPO_dataset/Img_B/B_69.png,DPO_dataset/Img_true/Real_69.png,DPO_dataset/Img_baseline/Baseline_69.png,,
70,"(np.float64(0.35418715923143435), np.float64(0.8749259215150365))",DPO_dataset/Img_A/A_70.png,DPO_dataset/Img_B/B_70.png,DPO_dataset/Img_true/Real_70.png,DPO_dataset/Img_baseline/Baseline_70.png,,
71,"(np.float64(0.20734021250142848), np.float64(0.8454222090482507))",DPO_dataset/Img_A/A_71.png,DPO_dataset/Img_B/B_71.png,DPO_dataset/Img_true/Real_71.png,DPO_dataset/Img_baseline/Baseline_71.png,,
72,"(np.float64(0.5666736366987892), np.float64(0.7373583938205964))",DPO_dataset/Img_A/A_72.png,DPO_dataset/Img_B/B_72.png,DPO_dataset/Img_true/Real_72.png,DPO_dataset/Img_baseline/Baseline_72.png,,
73,"(np.float64(0.41329181046356045), np.float64(0.9645518537540865))",DPO_dataset/Img_A/A_73.png,DPO_dataset/Img_B/B_73.png,DPO_dataset/Img_true/Real_73.png,DPO_dataset/Img_baseline/Baseline_73.png,,
74,"(np.float64(0.10644219399683623), np.float64(1.0))",DPO_dataset/Img_A/A_74.png,DPO_dataset/Img_B/B_74.png,DPO_dataset/Img_true/Real_74.png,DPO_dataset/Img_baseline/Baseline_74.png,,
75,"(np.float64(0.3607253585281085), np.float64(0.8338013986064391))",DPO_dataset/Img_A/A_75.png,DPO_dataset/Img_B/B_75.png,DPO_dataset/Img_true/Real_75.png,DPO_dataset/Img_baseline/Baseline_75.png,,
76,"(np.float64(0.2205217180372457), np.float64(0.5950200119661484))",DPO_dataset/Img_A/A_76.png,DPO_dataset/Img_B/B_76.png,DPO_dataset/Img_true/Real_76.png,DPO_dataset/Img_baseline/Baseline_76.png,DPO_dataset/Img_A/A_76.png,DPO_dataset/Img_B/B_76.png
77,"(np.float64(0.013637672301009936), np.float64(0.7828785834091141))",DPO_dataset/Img_A/A_77.png,DPO_dataset/Img_B/B_77.png,DPO_dataset/Img_true/Real_77.png,DPO_dataset/Img_baseline/Baseline_77.png,,
78,"(np.float64(0.25847907524672775), np.float64(0.6987496875065384))",DPO_dataset/Img_A/A_78.png,DPO_dataset/Img_B/B_78.png,DPO_dataset/Img_true/Real_78.png,DPO_dataset/Img_baseline/Baseline_78.png,,
79,"(np.float64(0.19388089229087388), np.float64(0.7401798192477085))",DPO_dataset/Img_A/A_79.png,DPO_dataset/Img_B/B_79.png,DPO_dataset/Img_true/Real_79.png,DPO_dataset/Img_baseline/Baseline_79.png,,
80,"(np.float64(0.2770424973798871), np.float64(0.9439740894142016))",DPO_dataset/Img_A/A_80.png,DPO_dataset/Img_B/B_80.png,DPO_dataset/Img_true/Real_80.png,DPO_dataset/Img_baseline/Baseline_80.png,,
81,"(np.float64(0.5435709769648891), np.float64(0.7963163573794844))",DPO_dataset/Img_A/A_81.png,DPO_dataset/Img_B/B_81.png,DPO_dataset/Img_true/Real_81.png,DPO_dataset/Img_baseline/Baseline_81.png,DPO_dataset/Img_B/B_81.png,DPO_dataset/Img_A/A_81.png
82,"(np.float64(0.3283014329398252), np.float64(0.7295673986129211))",DPO_dataset/Img_A/A_82.png,DPO_dataset/Img_B/B_82.png,DPO_dataset/Img_true/Real_82.png,DPO_dataset/Img_baseline/Baseline_82.png,DPO_dataset/Img_B/B_82.png,DPO_dataset/Img_A/A_82.png
83,"(np.float64(0.30117385258567597), np.float64(0.6847089570643812))",DPO_dataset/Img_A/A_83.png,DPO_dataset/Img_B/B_83.png,DPO_dataset/Img_true/Real_83.png,DPO_dataset/Img_baseline/Baseline_83.png,DPO_dataset/Img_B/B_83.png,DPO_dataset/Img_B/B_83.png
84,"(np.float64(0.4163351416111602), np.float64(0.8741802846286549))",DPO_dataset/Img_A/A_84.png,DPO_dataset/Img_B/B_84.png,DPO_dataset/Img_true/Real_84.png,DPO_dataset/Img_baseline/Baseline_84.png,DPO_dataset/Img_B/B_84.png,DPO_dataset/Img_A/A_84.png
85,"(np.float64(0.2142051672120451), np.float64(0.7864516083576945))",DPO_dataset/Img_A/A_85.png,DPO_dataset/Img_B/B_85.png,DPO_dataset/Img_true/Real_85.png,DPO_dataset/Img_baseline/Baseline_85.png,DPO_dataset/Img_A/A_85.png,None
86,"(np.float64(0.24981255907677571), np.float64(0.7203421669004698))",DPO_dataset/Img_A/A_86.png,DPO_dataset/Img_B/B_86.png,DPO_dataset/Img_true/Real_86.png,DPO_dataset/Img_baseline/Baseline_86.png,,
87,"(np.float64(0.4206123139011858), np.float64(0.7844808400220059))",DPO_dataset/Img_A/A_87.png,DPO_dataset/Img_B/B_87.png,DPO_dataset/Img_true/Real_87.png,DPO_dataset/Img_baseline/Baseline_87.png,DPO_dataset/Img_A/A_87.png,DPO_dataset/Img_B/B_87.png
88,"(np.float64(0.3048182509303902), np.float64(0.8703457145450896))",DPO_dataset/Img_A/A_88.png,DPO_dataset/Img_B/B_88.png,DPO_dataset/Img_true/Real_88.png,DPO_dataset/Img_baseline/Baseline_88.png,,
89,"(np.float64(0.37996315669670033), np.float64(0.7365695264546082))",DPO_dataset/Img_A/A_89.png,DPO_dataset/Img_B/B_89.png,DPO_dataset/Img_true/Real_89.png,DPO_dataset/Img_baseline/Baseline_89.png,DPO_dataset/Img_B/B_89.png,DPO_dataset/Img_B/B_89.png
90,"(np.float64(0.26864366819612573), np.float64(0.7836546709979245))",DPO_dataset/Img_A/A_90.png,DPO_dataset/Img_B/B_90.png,DPO_dataset/Img_true/Real_90.png,DPO_dataset/Img_baseline/Baseline_90.png,DPO_dataset/Img_A/A_90.png,DPO_dataset/Img_A/A_90.png
91,"(np.float64(0.26726061258110045), np.float64(0.8209595685224137))",DPO_dataset/Img_A/A_91.png,DPO_dataset/Img_B/B_91.png,DPO_dataset/Img_true/Real_91.png,DPO_dataset/Img_baseline/Baseline_91.png,DPO_dataset/Img_B/B_91.png,DPO_dataset/Img_B/B_91.png
92,"(np.float64(0.31428741334459814), np.float64(0.8498027545858162))",DPO_dataset/Img_A/A_92.png,DPO_dataset/Img_B/B_92.png,DPO_dataset/Img_true/Real_92.png,DPO_dataset/Img_baseline/Baseline_92.png,,
93,"(np.float64(0.3838438046352631), np.float64(0.6997172233385183))",DPO_dataset/Img_A/A_93.png,DPO_dataset/Img_B/B_93.png,DPO_dataset/Img_true/Real_93.png,DPO_dataset/Img_baseline/Baseline_93.png,DPO_dataset/Img_A/A_93.png,DPO_dataset/Img_B/B_93.png
94,"(np.float64(0.14561984755248586), np.float64(0.7024011921997223))",DPO_dataset/Img_A/A_94.png,DPO_dataset/Img_B/B_94.png,DPO_dataset/Img_true/Real_94.png,DPO_dataset/Img_baseline/Baseline_94.png,DPO_dataset/Img_B/B_94.png,DPO_dataset/Img_A/A_94.png
95,"(np.float64(0.32407860050029424), np.float64(0.920627565828441))",DPO_dataset/Img_A/A_95.png,DPO_dataset/Img_B/B_95.png,DPO_dataset/Img_true/Real_95.png,DPO_dataset/Img_baseline/Baseline_95.png,DPO_dataset/Img_B/B_95.png,DPO_dataset/Img_B/B_95.png
96,"(np.float64(0.27218563344298324), np.float64(0.73284552504613))",DPO_dataset/Img_A/A_96.png,DPO_dataset/Img_B/B_96.png,DPO_dataset/Img_true/Real_96.png,DPO_dataset/Img_baseline/Baseline_96.png,,
97,"(np.float64(0.4196491784723368), np.float64(0.9932533084129841))",DPO_dataset/Img_A/A_97.png,DPO_dataset/Img_B/B_97.png,DPO_dataset/Img_true/Real_97.png,DPO_dataset/Img_baseline/Baseline_97.png,,
98,"(np.float64(0.2466767722691), np.float64(0.8508568585342781))",DPO_dataset/Img_A/A_98.png,DPO_dataset/Img_B/B_98.png,DPO_dataset/Img_true/Real_98.png,DPO_dataset/Img_baseline/Baseline_98.png,DPO_dataset/Img_B/B_98.png,DPO_dataset/Img_A/A_98.png
99,"(np.float64(0.42428370647706115), np.float64(0.7758249665737621))",DPO_dataset/Img_A/A_99.png,DPO_dataset/Img_B/B_99.png,DPO_dataset/Img_true/Real_99.png,DPO_dataset/Img_baseline/Baseline_99.png,DPO_dataset/Img_A/A_99.png,DPO_dataset/Img_A/A_99.png
100,"(np.float64(0.24981818313420429), np.float64(0.868370931168363))",DPO_dataset/Img_A/A_100.png,DPO_dataset/Img_B/B_100.png,DPO_dataset/Img_true/Real_100.png,DPO_dataset/Img_baseline/Baseline_100.png,DPO_dataset/Img_B/B_100.png,DPO_dataset/Img_B/B_100.png
101,"(np.float64(0.34510566334648723), np.float64(0.7555154330476777))",DPO_dataset/Img_A/A_101.png,DPO_dataset/Img_B/B_101.png,DPO_dataset/Img_true/Real_101.png,DPO_dataset/Img_baseline/Baseline_101.png,,
102,"(np.float64(0.1382590836432629), np.float64(0.8974503641730271))",DPO_dataset/Img_A/A_102.png,DPO_dataset/Img_B/B_102.png,DPO_dataset/Img_true/Real_102.png,DPO_dataset/Img_baseline/Baseline_102.png,,
103,"(np.float64(0.29673525465738276), np.float64(1.0))",DPO_dataset/Img_A/A_103.png,DPO_dataset/Img_B/B_103.png,DPO_dataset/Img_true/Real_103.png,DPO_dataset/Img_baseline/Baseline_103.png,DPO_dataset/Img_A/A_103.png,None
104,"(np.float64(0.09863633819722975), np.float64(1.0))",DPO_dataset/Img_A/A_104.png,DPO_dataset/Img_B/B_104.png,DPO_dataset/Img_true/Real_104.png,DPO_dataset/Img_baseline/Baseline_104.png,DPO_dataset/Img_A/A_104.png,DPO_dataset/Img_A/A_104.png
105,"(np.float64(0.38061765887234916), np.float64(0.7487354794440895))",DPO_dataset/Img_A/A_105.png,DPO_dataset/Img_B/B_105.png,DPO_dataset/Img_true/Real_105.png,DPO_dataset/Img_baseline/Baseline_105.png,DPO_dataset/Img_A/A_105.png,DPO_dataset/Img_A/A_105.png
106,"(np.float64(0.3530751322703263), np.float64(0.7553264910930388))",DPO_dataset/Img_A/A_106.png,DPO_dataset/Img_B/B_106.png,DPO_dataset/Img_true/Real_106.png,DPO_dataset/Img_baseline/Baseline_106.png,,
107,"(np.float64(0.2057905515628648), np.float64(0.9598165132600806))",DPO_dataset/Img_A/A_107.png,DPO_dataset/Img_B/B_107.png,DPO_dataset/Img_true/Real_107.png,DPO_dataset/Img_baseline/Baseline_107.png,,
108,"(np.float64(0.3745083583270753), np.float64(0.9405900281968091))",DPO_dataset/Img_A/A_108.png,DPO_dataset/Img_B/B_108.png,DPO_dataset/Img_true/Real_108.png,DPO_dataset/Img_baseline/Baseline_108.png,DPO_dataset/Img_B/B_108.png,DPO_dataset/Img_A/A_108.png
109,"(np.float64(0.4184493909722226), np.float64(0.5716499862948384))",DPO_dataset/Img_A/A_109.png,DPO_dataset/Img_B/B_109.png,DPO_dataset/Img_true/Real_109.png,DPO_dataset/Img_baseline/Baseline_109.png,DPO_dataset/Img_B/B_109.png,DPO_dataset/Img_A/A_109.png
110,"(np.float64(0.4138747923918763), np.float64(0.7583719979742596))",DPO_dataset/Img_A/A_110.png,DPO_dataset/Img_B/B_110.png,DPO_dataset/Img_true/Real_110.png,DPO_dataset/Img_baseline/Baseline_110.png,,
111,"(np.float64(0.2088151687732712), np.float64(0.7287144582915833))",DPO_dataset/Img_A/A_111.png,DPO_dataset/Img_B/B_111.png,DPO_dataset/Img_true/Real_111.png,DPO_dataset/Img_baseline/Baseline_111.png,,
112,"(np.float64(0.2114312419424703), np.float64(0.7739769966612017))",DPO_dataset/Img_A/A_112.png,DPO_dataset/Img_B/B_112.png,DPO_dataset/Img_true/Real_112.png,DPO_dataset/Img_baseline/Baseline_112.png,DPO_dataset/Img_B/B_112.png,DPO_dataset/Img_B/B_112.png
113,"(np.float64(0.15889680015423588), np.float64(0.7054654009659396))",DPO_dataset/Img_A/A_113.png,DPO_dataset/Img_B/B_113.png,DPO_dataset/Img_true/Real_113.png,DPO_dataset/Img_baseline/Baseline_113.png,DPO_dataset/Img_B/B_113.png,DPO_dataset/Img_B/B_113.png
114,"(np.float64(0.2867403406165584), np.float64(0.6168038095507281))",DPO_dataset/Img_A/A_114.png,DPO_dataset/Img_B/B_114.png,DPO_dataset/Img_true/Real_114.png,DPO_dataset/Img_baseline/Baseline_114.png,,
115,"(np.float64(0.19357223591424097), np.float64(0.8470837351963167))",DPO_dataset/Img_A/A_115.png,DPO_dataset/Img_B/B_115.png,DPO_dataset/Img_true/Real_115.png,DPO_dataset/Img_baseline/Baseline_115.png,,
116,"(np.float64(0.19333929155977622), np.float64(0.8405291419255939))",DPO_dataset/Img_A/A_116.png,DPO_dataset/Img_B/B_116.png,DPO_dataset/Img_true/Real_116.png,DPO_dataset/Img_baseline/Baseline_116.png,DPO_dataset/Img_B/B_116.png,DPO_dataset/Img_B/B_116.png
117,"(np.float64(0.27715122577853074), np.float64(0.8062760209678919))",DPO_dataset/Img_A/A_117.png,DPO_dataset/Img_B/B_117.png,DPO_dataset/Img_true/Real_117.png,DPO_dataset/Img_baseline/Baseline_117.png,,
118,"(np.float64(0.2615389833785905), np.float64(0.834807680818457))",DPO_dataset/Img_A/A_118.png,DPO_dataset/Img_B/B_118.png,DPO_dataset/Img_true/Real_118.png,DPO_dataset/Img_baseline/Baseline_118.png,,
119,"(np.float64(0.39122564484174877), np.float64(0.6912824659177027))",DPO_dataset/Img_A/A_119.png,DPO_dataset/Img_B/B_119.png,DPO_dataset/Img_true/Real_119.png,DPO_dataset/Img_baseline/Baseline_119.png,,
120,"(np.float64(0.24021362253689868), np.float64(1.0))",DPO_dataset/Img_A/A_120.png,DPO_dataset/Img_B/B_120.png,DPO_dataset/Img_true/Real_120.png,DPO_dataset/Img_baseline/Baseline_120.png,DPO_dataset/Img_A/A_120.png,DPO_dataset/Img_B/B_120.png
121,"(np.float64(0.43206810995448364), np.float64(0.5173751384872306))",DPO_dataset/Img_A/A_121.png,DPO_dataset/Img_B/B_121.png,DPO_dataset/Img_true/Real_121.png,DPO_dataset/Img_baseline/Baseline_121.png,,
122,"(np.float64(0.20387935927450668), np.float64(0.5700443556625993))",DPO_dataset/Img_A/A_122.png,DPO_dataset/Img_B/B_122.png,DPO_dataset/Img_true/Real_122.png,DPO_dataset/Img_baseline/Baseline_122.png,,
123,"(np.float64(0.3552594373106932), np.float64(1.0))",DPO_dataset/Img_A/A_123.png,DPO_dataset/Img_B/B_123.png,DPO_dataset/Img_true/Real_123.png,DPO_dataset/Img_baseline/Baseline_123.png,,
124,"(np.float64(0.26820442180411863), np.float64(0.9844083420551765))",DPO_dataset/Img_A/A_124.png,DPO_dataset/Img_B/B_124.png,DPO_dataset/Img_true/Real_124.png,DPO_dataset/Img_baseline/Baseline_124.png,,
125,"(np.float64(0.18809492463299968), np.float64(0.8331897889636635))",DPO_dataset/Img_A/A_125.png,DPO_dataset/Img_B/B_125.png,DPO_dataset/Img_true/Real_125.png,DPO_dataset/Img_baseline/Baseline_125.png,DPO_dataset/Img_B/B_125.png,DPO_dataset/Img_B/B_125.png
126,"(np.float64(0.46401120941361185), np.float64(0.7873332621557476))",DPO_dataset/Img_A/A_126.png,DPO_dataset/Img_B/B_126.png,DPO_dataset/Img_true/Real_126.png,DPO_dataset/Img_baseline/Baseline_126.png,,
127,"(np.float64(0.45867618688665746), np.float64(0.6631226047554124))",DPO_dataset/Img_A/A_127.png,DPO_dataset/Img_B/B_127.png,DPO_dataset/Img_true/Real_127.png,DPO_dataset/Img_baseline/Baseline_127.png,DPO_dataset/Img_A/A_127.png,DPO_dataset/Img_B/B_127.png
128,"(np.float64(0.31189823679226497), np.float64(0.6967186874635447))",DPO_dataset/Img_A/A_128.png,DPO_dataset/Img_B/B_128.png,DPO_dataset/Img_true/Real_128.png,DPO_dataset/Img_baseline/Baseline_128.png,,
129,"(np.float64(0.47453682094665506), np.float64(0.7885480728675451))",DPO_dataset/Img_A/A_129.png,DPO_dataset/Img_B/B_129.png,DPO_dataset/Img_true/Real_129.png,DPO_dataset/Img_baseline/Baseline_129.png,,
130,"(np.float64(0.25757744340839606), np.float64(0.8474992515543355))",DPO_dataset/Img_A/A_130.png,DPO_dataset/Img_B/B_130.png,DPO_dataset/Img_true/Real_130.png,DPO_dataset/Img_baseline/Baseline_130.png,,
131,"(np.float64(0.18668565016928762), np.float64(0.9022080795107827))",DPO_dataset/Img_A/A_131.png,DPO_dataset/Img_B/B_131.png,DPO_dataset/Img_true/Real_131.png,DPO_dataset/Img_baseline/Baseline_131.png,,
132,"(np.float64(0.2637099853930668), np.float64(0.7033479053419815))",DPO_dataset/Img_A/A_132.png,DPO_dataset/Img_B/B_132.png,DPO_dataset/Img_true/Real_132.png,DPO_dataset/Img_baseline/Baseline_132.png,DPO_dataset/Img_B/B_132.png,DPO_dataset/Img_B/B_132.png
133,"(np.float64(0.21764641841957086), np.float64(0.8216247849712692))",DPO_dataset/Img_A/A_133.png,DPO_dataset/Img_B/B_133.png,DPO_dataset/Img_true/Real_133.png,DPO_dataset/Img_baseline/Baseline_133.png,,
134,"(np.float64(0.21799725070665218), np.float64(0.8826712410920733))",DPO_dataset/Img_A/A_134.png,DPO_dataset/Img_B/B_134.png,DPO_dataset/Img_true/Real_134.png,DPO_dataset/Img_baseline/Baseline_134.png,,
135,"(np.float64(0.2630104477563747), np.float64(0.7195509182478735))",DPO_dataset/Img_A/A_135.png,DPO_dataset/Img_B/B_135.png,DPO_dataset/Img_true/Real_135.png,DPO_dataset/Img_baseline/Baseline_135.png,DPO_dataset/Img_A/A_135.png,DPO_dataset/Img_B/B_135.png
136,"(np.float64(0.36324484051272654), np.float64(0.9006983171552325))",DPO_dataset/Img_A/A_136.png,DPO_dataset/Img_B/B_136.png,DPO_dataset/Img_true/Real_136.png,DPO_dataset/Img_baseline/Baseline_136.png,,
137,"(np.float64(0.37937814551032045), np.float64(0.8408152601567984))",DPO_dataset/Img_A/A_137.png,DPO_dataset/Img_B/B_137.png,DPO_dataset/Img_true/Real_137.png,DPO_dataset/Img_baseline/Baseline_137.png,,
138,"(np.float64(0.2779956983479024), np.float64(0.7231615841761655))",DPO_dataset/Img_A/A_138.png,DPO_dataset/Img_B/B_138.png,DPO_dataset/Img_true/Real_138.png,DPO_dataset/Img_baseline/Baseline_138.png,DPO_dataset/Img_B/B_138.png,DPO_dataset/Img_B/B_138.png
139,"(np.float64(0.10961130592131758), np.float64(0.7648075002083091))",DPO_dataset/Img_A/A_139.png,DPO_dataset/Img_B/B_139.png,DPO_dataset/Img_true/Real_139.png,DPO_dataset/Img_baseline/Baseline_139.png,,
140,"(np.float64(0.20474819715900064), np.float64(0.81307584507842))",DPO_dataset/Img_A/A_140.png,DPO_dataset/Img_B/B_140.png,DPO_dataset/Img_true/Real_140.png,DPO_dataset/Img_baseline/Baseline_140.png,,
141,"(np.float64(0.26994154068942816), np.float64(0.8010581811614771))",DPO_dataset/Img_A/A_141.png,DPO_dataset/Img_B/B_141.png,DPO_dataset/Img_true/Real_141.png,DPO_dataset/Img_baseline/Baseline_141.png,,
142,"(np.float64(0.30327192115859625), np.float64(0.7210361868345051))",DPO_dataset/Img_A/A_142.png,DPO_dataset/Img_B/B_142.png,DPO_dataset/Img_true/Real_142.png,DPO_dataset/Img_baseline/Baseline_142.png,,
143,"(np.float64(0.18023534647981784), np.float64(0.9485159549122435))",DPO_dataset/Img_A/A_143.png,DPO_dataset/Img_B/B_143.png,DPO_dataset/Img_true/Real_143.png,DPO_dataset/Img_baseline/Baseline_143.png,DPO_dataset/Img_A/A_143.png,DPO_dataset/Img_A/A_143.png
144,"(np.float64(0.3044084959512339), np.float64(0.9020953200473838))",DPO_dataset/Img_A/A_144.png,DPO_dataset/Img_B/B_144.png,DPO_dataset/Img_true/Real_144.png,DPO_dataset/Img_baseline/Baseline_144.png,DPO_dataset/Img_A/A_144.png,DPO_dataset/Img_B/B_144.png
145,"(np.float64(0.34545798471996225), np.float64(0.798540294285394))",DPO_dataset/Img_A/A_145.png,DPO_dataset/Img_B/B_145.png,DPO_dataset/Img_true/Real_145.png,DPO_dataset/Img_baseline/Baseline_145.png,DPO_dataset/Img_A/A_145.png,DPO_dataset/Img_A/A_145.png
146,"(np.float64(0.2652071301267469), np.float64(0.9240190148137741))",DPO_dataset/Img_A/A_146.png,DPO_dataset/Img_B/B_146.png,DPO_dataset/Img_true/Real_146.png,DPO_dataset/Img_baseline/Baseline_146.png,,
147,"(np.float64(0.24965870353319947), np.float64(0.6289022497343385))",DPO_dataset/Img_A/A_147.png,DPO_dataset/Img_B/B_147.png,DPO_dataset/Img_true/Real_147.png,DPO_dataset/Img_baseline/Baseline_147.png,,
148,"(np.float64(0.3265770167241405), np.float64(0.8758223817760524))",DPO_dataset/Img_A/A_148.png,DPO_dataset/Img_B/B_148.png,DPO_dataset/Img_true/Real_148.png,DPO_dataset/Img_baseline/Baseline_148.png,DPO_dataset/Img_A/A_148.png,DPO_dataset/Img_B/B_148.png
149,"(np.float64(0.39307553099985937), np.float64(0.7760688177140153))",DPO_dataset/Img_A/A_149.png,DPO_dataset/Img_B/B_149.png,DPO_dataset/Img_true/Real_149.png,DPO_dataset/Img_baseline/Baseline_149.png,,
150,"(np.float64(0.38300759039448645), np.float64(0.8246133254604942))",DPO_dataset/Img_A/A_150.png,DPO_dataset/Img_B/B_150.png,DPO_dataset/Img_true/Real_150.png,DPO_dataset/Img_baseline/Baseline_150.png,,
151,"(np.float64(0.42292073184858214), np.float64(0.9106031618772226))",DPO_dataset/Img_A/A_151.png,DPO_dataset/Img_B/B_151.png,DPO_dataset/Img_true/Real_151.png,DPO_dataset/Img_baseline/Baseline_151.png,,
152,"(np.float64(0.30767633633119834), np.float64(0.911640287158422))",DPO_dataset/Img_A/A_152.png,DPO_dataset/Img_B/B_152.png,DPO_dataset/Img_true/Real_152.png,DPO_dataset/Img_baseline/Baseline_152.png,,
153,"(np.float64(0.38424797640929964), np.float64(0.7463536756691834))",DPO_dataset/Img_A/A_153.png,DPO_dataset/Img_B/B_153.png,DPO_dataset/Img_true/Real_153.png,DPO_dataset/Img_baseline/Baseline_153.png,,
154,"(np.float64(0.3199902541321084), np.float64(0.6843703641776483))",DPO_dataset/Img_A/A_154.png,DPO_dataset/Img_B/B_154.png,DPO_dataset/Img_true/Real_154.png,DPO_dataset/Img_baseline/Baseline_154.png,DPO_dataset/Img_B/B_154.png,None
155,"(np.float64(0.44427511330546504), np.float64(0.7562198406157719))",DPO_dataset/Img_A/A_155.png,DPO_dataset/Img_B/B_155.png,DPO_dataset/Img_true/Real_155.png,DPO_dataset/Img_baseline/Baseline_155.png,DPO_dataset/Img_B/B_155.png,DPO_dataset/Img_A/A_155.png
156,"(np.float64(0.24935113129398648), np.float64(0.9320042402115349))",DPO_dataset/Img_A/A_156.png,DPO_dataset/Img_B/B_156.png,DPO_dataset/Img_true/Real_156.png,DPO_dataset/Img_baseline/Baseline_156.png,,
157,"(np.float64(0.3728982774273597), np.float64(0.8049829017914092))",DPO_dataset/Img_A/A_157.png,DPO_dataset/Img_B/B_157.png,DPO_dataset/Img_true/Real_157.png,DPO_dataset/Img_baseline/Baseline_157.png,,
158,"(np.float64(0.34372800935499886), np.float64(0.7698487784406772))",DPO_dataset/Img_A/A_158.png,DPO_dataset/Img_B/B_158.png,DPO_dataset/Img_true/Real_158.png,DPO_dataset/Img_baseline/Baseline_158.png,,
159,"(np.float64(0.14639341874174164), np.float64(0.8773387680123627))",DPO_dataset/Img_A/A_159.png,DPO_dataset/Img_B/B_159.png,DPO_dataset/Img_true/Real_159.png,DPO_dataset/Img_baseline/Baseline_159.png,DPO_dataset/Img_A/A_159.png,DPO_dataset/Img_A/A_159.png
160,"(np.float64(0.1496992120282442), np.float64(0.7882791206300843))",DPO_dataset/Img_A/A_160.png,DPO_dataset/Img_B/B_160.png,DPO_dataset/Img_true/Real_160.png,DPO_dataset/Img_baseline/Baseline_160.png,,
161,"(np.float64(0.34473394149164194), np.float64(0.7635767764165033))",DPO_dataset/Img_A/A_161.png,DPO_dataset/Img_B/B_161.png,DPO_dataset/Img_true/Real_161.png,DPO_dataset/Img_baseline/Baseline_161.png,DPO_dataset/Img_A/A_161.png,DPO_dataset/Img_A/A_161.png
162,"(np.float64(0.2186789554032255), np.float64(0.7147842059421796))",DPO_dataset/Img_A/A_162.png,DPO_dataset/Img_B/B_162.png,DPO_dataset/Img_true/Real_162.png,DPO_dataset/Img_baseline/Baseline_162.png,,
163,"(np.float64(0.3063319503577873), np.float64(0.8918014885676306))",DPO_dataset/Img_A/A_163.png,DPO_dataset/Img_B/B_163.png,DPO_dataset/Img_true/Real_163.png,DPO_dataset/Img_baseline/Baseline_163.png,,
164,"(np.float64(0.3214510051142498), np.float64(0.826810600849961))",DPO_dataset/Img_A/A_164.png,DPO_dataset/Img_B/B_164.png,DPO_dataset/Img_true/Real_164.png,DPO_dataset/Img_baseline/Baseline_164.png,,
165,"(np.float64(0.4141169287894576), np.float64(0.7374886719504886))",DPO_dataset/Img_A/A_165.png,DPO_dataset/Img_B/B_165.png,DPO_dataset/Img_true/Real_165.png,DPO_dataset/Img_baseline/Baseline_165.png,,
166,"(np.float64(0.2975459366363397), np.float64(0.6442931696805737))",DPO_dataset/Img_A/A_166.png,DPO_dataset/Img_B/B_166.png,DPO_dataset/Img_true/Real_166.png,DPO_dataset/Img_baseline/Baseline_166.png,DPO_dataset/Img_B/B_166.png,DPO_dataset/Img_A/A_166.png
167,"(np.float64(0.1086396572985249), np.float64(0.7610320869219044))",DPO_dataset/Img_A/A_167.png,DPO_dataset/Img_B/B_167.png,DPO_dataset/Img_true/Real_167.png,DPO_dataset/Img_baseline/Baseline_167.png,DPO_dataset/Img_B/B_167.png,None
168,"(np.float64(0.23570864174673462), np.float64(0.6872171783212357))",DPO_dataset/Img_A/A_168.png,DPO_dataset/Img_B/B_168.png,DPO_dataset/Img_true/Real_168.png,DPO_dataset/Img_baseline/Baseline_168.png,,
169,"(np.float64(0.19039780892194677), np.float64(0.7490620980996895))",DPO_dataset/Img_A/A_169.png,DPO_dataset/Img_B/B_169.png,DPO_dataset/Img_true/Real_169.png,DPO_dataset/Img_baseline/Baseline_169.png,DPO_dataset/Img_B/B_169.png,DPO_dataset/Img_A/A_169.png
170,"(np.float64(0.3955483865816765), np.float64(0.8496114925851836))",DPO_dataset/Img_A/A_170.png,DPO_dataset/Img_B/B_170.png,DPO_dataset/Img_true/Real_170.png,DPO_dataset/Img_baseline/Baseline_170.png,,
171,"(np.float64(0.323573050411557), np.float64(0.6804140371809183))",DPO_dataset/Img_A/A_171.png,DPO_dataset/Img_B/B_171.png,DPO_dataset/Img_true/Real_171.png,DPO_dataset/Img_baseline/Baseline_171.png,DPO_dataset/Img_B/B_171.png,DPO_dataset/Img_B/B_171.png
172,"(np.float64(0.22433069138380266), np.float64(0.7586222734025846))",DPO_dataset/Img_A/A_172.png,DPO_dataset/Img_B/B_172.png,DPO_dataset/Img_true/Real_172.png,DPO_dataset/Img_baseline/Baseline_172.png,DPO_dataset/Img_A/A_172.png,DPO_dataset/Img_B/B_172.png
173,"(np.float64(0.2814127541543187), np.float64(0.8561273653336497))",DPO_dataset/Img_A/A_173.png,DPO_dataset/Img_B/B_173.png,DPO_dataset/Img_true/Real_173.png,DPO_dataset/Img_baseline/Baseline_173.png,,
174,"(np.float64(0.15932545896465752), np.float64(0.6721382091431852))",DPO_dataset/Img_A/A_174.png,DPO_dataset/Img_B/B_174.png,DPO_dataset/Img_true/Real_174.png,DPO_dataset/Img_baseline/Baseline_174.png,DPO_dataset/Img_A/A_174.png,DPO_dataset/Img_A/A_174.png
175,"(np.float64(0.18986684010645813), np.float64(0.8230896153466503))",DPO_dataset/Img_A/A_175.png,DPO_dataset/Img_B/B_175.png,DPO_dataset/Img_true/Real_175.png,DPO_dataset/Img_baseline/Baseline_175.png,DPO_dataset/Img_B/B_175.png,DPO_dataset/Img_A/A_175.png
176,"(np.float64(0.38289452164929216), np.float64(0.7990069246304273))",DPO_dataset/Img_A/A_176.png,DPO_dataset/Img_B/B_176.png,DPO_dataset/Img_true/Real_176.png,DPO_dataset/Img_baseline/Baseline_176.png,,
177,"(np.float64(0.3495998876351502), np.float64(0.6995912543523666))",DPO_dataset/Img_A/A_177.png,DPO_dataset/Img_B/B_177.png,DPO_dataset/Img_true/Real_177.png,DPO_dataset/Img_baseline/Baseline_177.png,,
178,"(np.float64(0.29187458824661877), np.float64(0.8375058575792094))",DPO_dataset/Img_A/A_178.png,DPO_dataset/Img_B/B_178.png,DPO_dataset/Img_true/Real_178.png,DPO_dataset/Img_baseline/Baseline_178.png,,
179,"(np.float64(0.3155985246197187), np.float64(0.809138807395523))",DPO_dataset/Img_A/A_179.png,DPO_dataset/Img_B/B_179.png,DPO_dataset/Img_true/Real_179.png,DPO_dataset/Img_baseline/Baseline_179.png,DPO_dataset/Img_A/A_179.png,DPO_dataset/Img_B/B_179.png
180,"(np.float64(0.36397734018491645), np.float64(0.8377162731960683))",DPO_dataset/Img_A/A_180.png,DPO_dataset/Img_B/B_180.png,DPO_dataset/Img_true/Real_180.png,DPO_dataset/Img_baseline/Baseline_180.png,DPO_dataset/Img_A/A_180.png,DPO_dataset/Img_A/A_180.png
181,"(np.float64(0.2587130805985872), np.float64(0.8809877257856819))",DPO_dataset/Img_A/A_181.png,DPO_dataset/Img_B/B_181.png,DPO_dataset/Img_true/Real_181.png,DPO_dataset/Img_baseline/Baseline_181.png,,
182,"(np.float64(0.37688439789586087), np.float64(0.8147750754929304))",DPO_dataset/Img_A/A_182.png,DPO_dataset/Img_B/B_182.png,DPO_dataset/Img_true/Real_182.png,DPO_dataset/Img_baseline/Baseline_182.png,,
183,"(np.float64(0.38669285136705456), np.float64(0.8488210672470902))",DPO_dataset/Img_A/A_183.png,DPO_dataset/Img_B/B_183.png,DPO_dataset/Img_true/Real_183.png,DPO_dataset/Img_baseline/Baseline_183.png,,
184,"(np.float64(0.25132429732976036), np.float64(0.7775207539550886))",DPO_dataset/Img_A/A_184.png,DPO_dataset/Img_B/B_184.png,DPO_dataset/Img_true/Real_184.png,DPO_dataset/Img_baseline/Baseline_184.png,DPO_dataset/Img_B/B_184.png,DPO_dataset/Img_B/B_184.png
185,"(np.float64(0.16822502713697593), np.float64(0.7738298096255725))",DPO_dataset/Img_A/A_185.png,DPO_dataset/Img_B/B_185.png,DPO_dataset/Img_true/Real_185.png,DPO_dataset/Img_baseline/Baseline_185.png,,
186,"(np.float64(0.5034377566314014), np.float64(0.762004730583516))",DPO_dataset/Img_A/A_186.png,DPO_dataset/Img_B/B_186.png,DPO_dataset/Img_true/Real_186.png,DPO_dataset/Img_baseline/Baseline_186.png,,
187,"(np.float64(0.35023075059190184), np.float64(0.7927216538573656))",DPO_dataset/Img_A/A_187.png,DPO_dataset/Img_B/B_187.png,DPO_dataset/Img_true/Real_187.png,DPO_dataset/Img_baseline/Baseline_187.png,,
188,"(np.float64(0.27861837329199135), np.float64(0.8159445094847463))",DPO_dataset/Img_A/A_188.png,DPO_dataset/Img_B/B_188.png,DPO_dataset/Img_true/Real_188.png,DPO_dataset/Img_baseline/Baseline_188.png,,
189,"(np.float64(0.3525678680440179), np.float64(0.7679185067073299))",DPO_dataset/Img_A/A_189.png,DPO_dataset/Img_B/B_189.png,DPO_dataset/Img_true/Real_189.png,DPO_dataset/Img_baseline/Baseline_189.png,DPO_dataset/Img_B/B_189.png,DPO_dataset/Img_A/A_189.png
190,"(np.float64(0.24288762992785765), np.float64(0.629682370601328))",DPO_dataset/Img_A/A_190.png,DPO_dataset/Img_B/B_190.png,DPO_dataset/Img_true/Real_190.png,DPO_dataset/Img_baseline/Baseline_190.png,,
191,"(np.float64(0.2970969250349547), np.float64(0.636245675172942))",DPO_dataset/Img_A/A_191.png,DPO_dataset/Img_B/B_191.png,DPO_dataset/Img_true/Real_191.png,DPO_dataset/Img_baseline/Baseline_191.png,,
192,"(np.float64(0.26778200795717194), np.float64(0.6614817280097359))",DPO_dataset/Img_A/A_192.png,DPO_dataset/Img_B/B_192.png,DPO_dataset/Img_true/Real_192.png,DPO_dataset/Img_baseline/Baseline_192.png,,
193,"(np.float64(0.39247636420958115), np.float64(0.7480897618709902))",DPO_dataset/Img_A/A_193.png,DPO_dataset/Img_B/B_193.png,DPO_dataset/Img_true/Real_193.png,DPO_dataset/Img_baseline/Baseline_193.png,DPO_dataset/Img_B/B_193.png,DPO_dataset/Img_B/B_193.png
194,"(np.float64(0.19547024954259404), np.float64(0.9359962983832435))",DPO_dataset/Img_A/A_194.png,DPO_dataset/Img_B/B_194.png,DPO_dataset/Img_true/Real_194.png,DPO_dataset/Img_baseline/Baseline_194.png,DPO_dataset/Img_B/B_194.png,DPO_dataset/Img_B/B_194.png
195,"(np.float64(0.2573222066424984), np.float64(0.6319363835323673))",DPO_dataset/Img_A/A_195.png,DPO_dataset/Img_B/B_195.png,DPO_dataset/Img_true/Real_195.png,DPO_dataset/Img_baseline/Baseline_195.png,DPO_dataset/Img_A/A_195.png,DPO_dataset/Img_B/B_195.png
196,"(np.float64(0.32531071744710505), np.float64(0.7802614998009741))",DPO_dataset/Img_A/A_196.png,DPO_dataset/Img_B/B_196.png,DPO_dataset/Img_true/Real_196.png,DPO_dataset/Img_baseline/Baseline_196.png,DPO_dataset/Img_A/A_196.png,DPO_dataset/Img_B/B_196.png
197,"(np.float64(0.4001984041720337), np.float64(0.8493473312442538))",DPO_dataset/Img_A/A_197.png,DPO_dataset/Img_B/B_197.png,DPO_dataset/Img_true/Real_197.png,DPO_dataset/Img_baseline/Baseline_197.png,DPO_dataset/Img_B/B_197.png,DPO_dataset/Img_B/B_197.png
198,"(np.float64(0.3055028634834321), np.float64(0.905671924525493))",DPO_dataset/Img_A/A_198.png,DPO_dataset/Img_B/B_198.png,DPO_dataset/Img_true/Real_198.png,DPO_dataset/Img_baseline/Baseline_198.png,DPO_dataset/Img_B/B_198.png,DPO_dataset/Img_A/A_198.png
199,"(np.float64(0.4088158180150354), np.float64(0.6639785980258736))",DPO_dataset/Img_A/A_199.png,DPO_dataset/Img_B/B_199.png,DPO_dataset/Img_true/Real_199.png,DPO_dataset/Img_baseline/Baseline_199.png,DPO_dataset/Img_B/B_199.png,DPO_dataset/Img_A/A_199.png
200,"(np.float64(0.3724674097739048), np.float64(0.8356471371937176))",DPO_dataset/Img_A/A_200.png,DPO_dataset/Img_B/B_200.png,DPO_dataset/Img_true/Real_200.png,DPO_dataset/Img_baseline/Baseline_200.png,,
201,"(np.float64(0.1960567664158059), np.float64(0.7161138376150044))",DPO_dataset/Img_A/A_201.png,DPO_dataset/Img_B/B_201.png,DPO_dataset/Img_true/Real_201.png,DPO_dataset/Img_baseline/Baseline_201.png,DPO_dataset/Img_A/A_201.png,DPO_dataset/Img_A/A_201.png
202,"(np.float64(0.23927530345746625), np.float64(0.9060499292882348))",DPO_dataset/Img_A/A_202.png,DPO_dataset/Img_B/B_202.png,DPO_dataset/Img_true/Real_202.png,DPO_dataset/Img_baseline/Baseline_202.png,,
203,"(np.float64(0.21357510919325115), np.float64(0.8121555315439805))",DPO_dataset/Img_A/A_203.png,DPO_dataset/Img_B/B_203.png,DPO_dataset/Img_true/Real_203.png,DPO_dataset/Img_baseline/Baseline_203.png,DPO_dataset/Img_A/A_203.png,DPO_dataset/Img_A/A_203.png
204,"(np.float64(0.15058677035308946), np.float64(0.7649646423829212))",DPO_dataset/Img_A/A_204.png,DPO_dataset/Img_B/B_204.png,DPO_dataset/Img_true/Real_204.png,DPO_dataset/Img_baseline/Baseline_204.png,,
205,"(np.float64(0.2557396376200428), np.float64(0.8427125859720798))",DPO_dataset/Img_A/A_205.png,DPO_dataset/Img_B/B_205.png,DPO_dataset/Img_true/Real_205.png,DPO_dataset/Img_baseline/Baseline_205.png,,
206,"(np.float64(0.1973316226739644), np.float64(0.7548715047183807))",DPO_dataset/Img_A/A_206.png,DPO_dataset/Img_B/B_206.png,DPO_dataset/Img_true/Real_206.png,DPO_dataset/Img_baseline/Baseline_206.png,,
207,"(np.float64(0.3157178219951084), np.float64(0.7106434576214261))",DPO_dataset/Img_A/A_207.png,DPO_dataset/Img_B/B_207.png,DPO_dataset/Img_true/Real_207.png,DPO_dataset/Img_baseline/Baseline_207.png,,
208,"(np.float64(0.27387315561796405), np.float64(0.9332906000568898))",DPO_dataset/Img_A/A_208.png,DPO_dataset/Img_B/B_208.png,DPO_dataset/Img_true/Real_208.png,DPO_dataset/Img_baseline/Baseline_208.png,,
209,"(np.float64(0.3585049079542937), np.float64(0.7908814208937041))",DPO_dataset/Img_A/A_209.png,DPO_dataset/Img_B/B_209.png,DPO_dataset/Img_true/Real_209.png,DPO_dataset/Img_baseline/Baseline_209.png,,
210,"(np.float64(0.3405632836952794), np.float64(0.8233219551839245))",DPO_dataset/Img_A/A_210.png,DPO_dataset/Img_B/B_210.png,DPO_dataset/Img_true/Real_210.png,DPO_dataset/Img_baseline/Baseline_210.png,,
211,"(np.float64(0.36498212966590854), np.float64(0.8728881856477206))",DPO_dataset/Img_A/A_211.png,DPO_dataset/Img_B/B_211.png,DPO_dataset/Img_true/Real_211.png,DPO_dataset/Img_baseline/Baseline_211.png,,
212,"(np.float64(0.3995291349533668), np.float64(0.7373941300746127))",DPO_dataset/Img_A/A_212.png,DPO_dataset/Img_B/B_212.png,DPO_dataset/Img_true/Real_212.png,DPO_dataset/Img_baseline/Baseline_212.png,,
213,"(np.float64(0.3385029886392594), np.float64(0.7389995309288786))",DPO_dataset/Img_A/A_213.png,DPO_dataset/Img_B/B_213.png,DPO_dataset/Img_true/Real_213.png,DPO_dataset/Img_baseline/Baseline_213.png,,
214,"(np.float64(0.4012936221632226), np.float64(0.7856313102178281))",DPO_dataset/Img_A/A_214.png,DPO_dataset/Img_B/B_214.png,DPO_dataset/Img_true/Real_214.png,DPO_dataset/Img_baseline/Baseline_214.png,DPO_dataset/Img_B/B_214.png,DPO_dataset/Img_B/B_214.png
215,"(np.float64(0.36109399269213316), np.float64(0.8457699554694361))",DPO_dataset/Img_A/A_215.png,DPO_dataset/Img_B/B_215.png,DPO_dataset/Img_true/Real_215.png,DPO_dataset/Img_baseline/Baseline_215.png,DPO_dataset/Img_B/B_215.png,DPO_dataset/Img_B/B_215.png
216,"(np.float64(0.15733194790433946), np.float64(1.0))",DPO_dataset/Img_A/A_216.png,DPO_dataset/Img_B/B_216.png,DPO_dataset/Img_true/Real_216.png,DPO_dataset/Img_baseline/Baseline_216.png,DPO_dataset/Img_A/A_216.png,DPO_dataset/Img_B/B_216.png
217,"(np.float64(0.2950309218076894), np.float64(0.8902420344235749))",DPO_dataset/Img_A/A_217.png,DPO_dataset/Img_B/B_217.png,DPO_dataset/Img_true/Real_217.png,DPO_dataset/Img_baseline/Baseline_217.png,DPO_dataset/Img_B/B_217.png,None
218,"(np.float64(0.2137774718211015), np.float64(0.9668147999870753))",DPO_dataset/Img_A/A_218.png,DPO_dataset/Img_B/B_218.png,DPO_dataset/Img_true/Real_218.png,DPO_dataset/Img_baseline/Baseline_218.png,,
219,"(np.float64(0.06248184035594881), np.float64(0.7972479013766475))",DPO_dataset/Img_A/A_219.png,DPO_dataset/Img_B/B_219.png,DPO_dataset/Img_true/Real_219.png,DPO_dataset/Img_baseline/Baseline_219.png,DPO_dataset/Img_A/A_219.png,DPO_dataset/Img_B/B_219.png
220,"(np.float64(0.4016676787064991), np.float64(1.0))",DPO_dataset/Img_A/A_220.png,DPO_dataset/Img_B/B_220.png,DPO_dataset/Img_true/Real_220.png,DPO_dataset/Img_baseline/Baseline_220.png,,
221,"(np.float64(0.4166914575638054), np.float64(0.7445892933601653))",DPO_dataset/Img_A/A_221.png,DPO_dataset/Img_B/B_221.png,DPO_dataset/Img_true/Real_221.png,DPO_dataset/Img_baseline/Baseline_221.png,,
222,"(np.float64(0.526468492616574), np.float64(0.6852341090404082))",DPO_dataset/Img_A/A_222.png,DPO_dataset/Img_B/B_222.png,DPO_dataset/Img_true/Real_222.png,DPO_dataset/Img_baseline/Baseline_222.png,,
223,"(np.float64(0.36998640188340665), np.float64(0.6457893676906801))",DPO_dataset/Img_A/A_223.png,DPO_dataset/Img_B/B_223.png,DPO_dataset/Img_true/Real_223.png,DPO_dataset/Img_baseline/Baseline_223.png,DPO_dataset/Img_B/B_223.png,DPO_dataset/Img_B/B_223.png
224,"(np.float64(0.3603831852307883), np.float64(0.7438136226910418))",DPO_dataset/Img_A/A_224.png,DPO_dataset/Img_B/B_224.png,DPO_dataset/Img_true/Real_224.png,DPO_dataset/Img_baseline/Baseline_224.png,DPO_dataset/Img_A/A_224.png,DPO_dataset/Img_A/A_224.png
225,"(np.float64(0.34472663031407813), np.float64(0.7467731443550241))",DPO_dataset/Img_A/A_225.png,DPO_dataset/Img_B/B_225.png,DPO_dataset/Img_true/Real_225.png,DPO_dataset/Img_baseline/Baseline_225.png,,
226,"(np.float64(0.2614592173249863), np.float64(0.7257326125810312))",DPO_dataset/Img_A/A_226.png,DPO_dataset/Img_B/B_226.png,DPO_dataset/Img_true/Real_226.png,DPO_dataset/Img_baseline/Baseline_226.png,,
227,"(np.float64(0.20756118356711614), np.float64(0.7339417232369484))",DPO_dataset/Img_A/A_227.png,DPO_dataset/Img_B/B_227.png,DPO_dataset/Img_true/Real_227.png,DPO_dataset/Img_baseline/Baseline_227.png,DPO_dataset/Img_B/B_227.png,DPO_dataset/Img_B/B_227.png
228,"(np.float64(0.33235871650423887), np.float64(0.5930600505981114))",DPO_dataset/Img_A/A_228.png,DPO_dataset/Img_B/B_228.png,DPO_dataset/Img_true/Real_228.png,DPO_dataset/Img_baseline/Baseline_228.png,DPO_dataset/Img_B/B_228.png,DPO_dataset/Img_A/A_228.png
229,"(np.float64(0.11456318718241523), np.float64(0.7442625633055443))",DPO_dataset/Img_A/A_229.png,DPO_dataset/Img_B/B_229.png,DPO_dataset/Img_true/Real_229.png,DPO_dataset/Img_baseline/Baseline_229.png,,
230,"(np.float64(0.21010107827781932), np.float64(0.5747695017679368))",DPO_dataset/Img_A/A_230.png,DPO_dataset/Img_B/B_230.png,DPO_dataset/Img_true/Real_230.png,DPO_dataset/Img_baseline/Baseline_230.png,DPO_dataset/Img_A/A_230.png,DPO_dataset/Img_B/B_230.png
231,"(np.float64(0.25357081330864695), np.float64(0.8949935550941661))",DPO_dataset/Img_A/A_231.png,DPO_dataset/Img_B/B_231.png,DPO_dataset/Img_true/Real_231.png,DPO_dataset/Img_baseline/Baseline_231.png,DPO_dataset/Img_A/A_231.png,DPO_dataset/Img_A/A_231.png
232,"(np.float64(0.13928176970583867), np.float64(0.9583232612512571))",DPO_dataset/Img_A/A_232.png,DPO_dataset/Img_B/B_232.png,DPO_dataset/Img_true/Real_232.png,DPO_dataset/Img_baseline/Baseline_232.png,,
233,"(np.float64(0.08854099392660097), np.float64(0.9623925821342267))",DPO_dataset/Img_A/A_233.png,DPO_dataset/Img_B/B_233.png,DPO_dataset/Img_true/Real_233.png,DPO_dataset/Img_baseline/Baseline_233.png,,
234,"(np.float64(0.3027126255354497), np.float64(0.9535859814397798))",DPO_dataset/Img_A/A_234.png,DPO_dataset/Img_B/B_234.png,DPO_dataset/Img_true/Real_234.png,DPO_dataset/Img_baseline/Baseline_234.png,DPO_dataset/Img_A/A_234.png,DPO_dataset/Img_B/B_234.png
235,"(np.float64(0.33395682901148854), np.float64(0.9045823905244704))",DPO_dataset/Img_A/A_235.png,DPO_dataset/Img_B/B_235.png,DPO_dataset/Img_true/Real_235.png,DPO_dataset/Img_baseline/Baseline_235.png,,
236,"(np.float64(0.2982696913428673), np.float64(0.9954085522884372))",DPO_dataset/Img_A/A_236.png,DPO_dataset/Img_B/B_236.png,DPO_dataset/Img_true/Real_236.png,DPO_dataset/Img_baseline/Baseline_236.png,,
237,"(np.float64(0.26391621965584044), np.float64(0.7437908300492175))",DPO_dataset/Img_A/A_237.png,DPO_dataset/Img_B/B_237.png,DPO_dataset/Img_true/Real_237.png,DPO_dataset/Img_baseline/Baseline_237.png,,
238,"(np.float64(0.21033060159179523), np.float64(0.8149214270457532))",DPO_dataset/Img_A/A_238.png,DPO_dataset/Img_B/B_238.png,DPO_dataset/Img_true/Real_238.png,DPO_dataset/Img_baseline/Baseline_238.png,,
239,"(np.float64(0.34167747702553936), np.float64(0.7062206791702326))",DPO_dataset/Img_A/A_239.png,DPO_dataset/Img_B/B_239.png,DPO_dataset/Img_true/Real_239.png,DPO_dataset/Img_baseline/Baseline_239.png,,
240,"(np.float64(0.38373704987155893), np.float64(0.9036795424211584))",DPO_dataset/Img_A/A_240.png,DPO_dataset/Img_B/B_240.png,DPO_dataset/Img_true/Real_240.png,DPO_dataset/Img_baseline/Baseline_240.png,DPO_dataset/Img_A/A_240.png,DPO_dataset/Img_B/B_240.png
241,"(np.float64(0.06047872615524949), np.float64(0.8498611339999073))",DPO_dataset/Img_A/A_241.png,DPO_dataset/Img_B/B_241.png,DPO_dataset/Img_true/Real_241.png,DPO_dataset/Img_baseline/Baseline_241.png,DPO_dataset/Img_B/B_241.png,DPO_dataset/Img_A/A_241.png
242,"(np.float64(0.33822769951561515), np.float64(0.7516402039202252))",DPO_dataset/Img_A/A_242.png,DPO_dataset/Img_B/B_242.png,DPO_dataset/Img_true/Real_242.png,DPO_dataset/Img_baseline/Baseline_242.png,,
243,"(np.float64(0.24049769581295885), np.float64(0.6423875559556205))",DPO_dataset/Img_A/A_243.png,DPO_dataset/Img_B/B_243.png,DPO_dataset/Img_true/Real_243.png,DPO_dataset/Img_baseline/Baseline_243.png,DPO_dataset/Img_A/A_243.png,DPO_dataset/Img_B/B_243.png
244,"(np.float64(0.3368514597667543), np.float64(0.8589076158029855))",DPO_dataset/Img_A/A_244.png,DPO_dataset/Img_B/B_244.png,DPO_dataset/Img_true/Real_244.png,DPO_dataset/Img_baseline/Baseline_244.png,,
245,"(np.float64(0.3899024748590771), np.float64(0.6379837196789128))",DPO_dataset/Img_A/A_245.png,DPO_dataset/Img_B/B_245.png,DPO_dataset/Img_true/Real_245.png,DPO_dataset/Img_baseline/Baseline_245.png,,
246,"(np.float64(0.3999258481886094), np.float64(0.7318485414322428))",DPO_dataset/Img_A/A_246.png,DPO_dataset/Img_B/B_246.png,DPO_dataset/Img_true/Real_246.png,DPO_dataset/Img_baseline/Baseline_246.png,,
247,"(np.float64(0.36378335599332123), np.float64(0.9995309250558084))",DPO_dataset/Img_A/A_247.png,DPO_dataset/Img_B/B_247.png,DPO_dataset/Img_true/Real_247.png,DPO_dataset/Img_baseline/Baseline_247.png,,
248,"(np.float64(0.42861709861495845), np.float64(0.7325278494336819))",DPO_dataset/Img_A/A_248.png,DPO_dataset/Img_B/B_248.png,DPO_dataset/Img_true/Real_248.png,DPO_dataset/Img_baseline/Baseline_248.png,,
249,"(np.float64(0.09171374444493574), np.float64(0.8561675419397028))",DPO_dataset/Img_A/A_249.png,DPO_dataset/Img_B/B_249.png,DPO_dataset/Img_true/Real_249.png,DPO_dataset/Img_baseline/Baseline_249.png,,
250,"(np.float64(0.2788344706469441), np.float64(0.79231172748638))",DPO_dataset/Img_A/A_250.png,DPO_dataset/Img_B/B_250.png,DPO_dataset/Img_true/Real_250.png,DPO_dataset/Img_baseline/Baseline_250.png,,
251,"(np.float64(0.24570852735252988), np.float64(0.7832256345791603))",DPO_dataset/Img_A/A_251.png,DPO_dataset/Img_B/B_251.png,DPO_dataset/Img_true/Real_251.png,DPO_dataset/Img_baseline/Baseline_251.png,,
252,"(np.float64(0.33793428093303984), np.float64(0.7490898650088698))",DPO_dataset/Img_A/A_252.png,DPO_dataset/Img_B/B_252.png,DPO_dataset/Img_true/Real_252.png,DPO_dataset/Img_baseline/Baseline_252.png,,
253,"(np.float64(0.369006648391076), np.float64(0.7934491547215721))",DPO_dataset/Img_A/A_253.png,DPO_dataset/Img_B/B_253.png,DPO_dataset/Img_true/Real_253.png,DPO_dataset/Img_baseline/Baseline_253.png,,
254,"(np.float64(0.20330555476523585), np.float64(0.9482060177337054))",DPO_dataset/Img_A/A_254.png,DPO_dataset/Img_B/B_254.png,DPO_dataset/Img_true/Real_254.png,DPO_dataset/Img_baseline/Baseline_254.png,,
255,"(np.float64(0.23011472014926948), np.float64(0.9028389975592823))",DPO_dataset/Img_A/A_255.png,DPO_dataset/Img_B/B_255.png,DPO_dataset/Img_true/Real_255.png,DPO_dataset/Img_baseline/Baseline_255.png,,
256,"(np.float64(0.21848695217400685), np.float64(0.9248025407250144))",DPO_dataset/Img_A/A_256.png,DPO_dataset/Img_B/B_256.png,DPO_dataset/Img_true/Real_256.png,DPO_dataset/Img_baseline/Baseline_256.png,,
257,"(np.float64(0.18017551017089045), np.float64(0.8053405429722765))",DPO_dataset/Img_A/A_257.png,DPO_dataset/Img_B/B_257.png,DPO_dataset/Img_true/Real_257.png,DPO_dataset/Img_baseline/Baseline_257.png,,
258,"(np.float64(0.23813637358107903), np.float64(0.6153809849948254))",DPO_dataset/Img_A/A_258.png,DPO_dataset/Img_B/B_258.png,DPO_dataset/Img_true/Real_258.png,DPO_dataset/Img_baseline/Baseline_258.png,DPO_dataset/Img_B/B_258.png,DPO_dataset/Img_A/A_258.png
259,"(np.float64(0.26041473052008807), np.float64(0.8281200618308987))",DPO_dataset/Img_A/A_259.png,DPO_dataset/Img_B/B_259.png,DPO_dataset/Img_true/Real_259.png,DPO_dataset/Img_baseline/Baseline_259.png,,
260,"(np.float64(0.26734162158453023), np.float64(0.8265934638511971))",DPO_dataset/Img_A/A_260.png,DPO_dataset/Img_B/B_260.png,DPO_dataset/Img_true/Real_260.png,DPO_dataset/Img_baseline/Baseline_260.png,,
261,"(np.float64(0.26792988230898235), np.float64(0.9144535687645156))",DPO_dataset/Img_A/A_261.png,DPO_dataset/Img_B/B_261.png,DPO_dataset/Img_true/Real_261.png,DPO_dataset/Img_baseline/Baseline_261.png,,
262,"(np.float64(0.2990316367811797), np.float64(0.6958409289884929))",DPO_dataset/Img_A/A_262.png,DPO_dataset/Img_B/B_262.png,DPO_dataset/Img_true/Real_262.png,DPO_dataset/Img_baseline/Baseline_262.png,DPO_dataset/Img_A/A_262.png,DPO_dataset/Img_B/B_262.png
263,"(np.float64(0.2836337695660776), np.float64(0.7787287880637045))",DPO_dataset/Img_A/A_263.png,DPO_dataset/Img_B/B_263.png,DPO_dataset/Img_true/Real_263.png,DPO_dataset/Img_baseline/Baseline_263.png,,
264,"(np.float64(0.28964715955415277), np.float64(0.8308626889844547))",DPO_dataset/Img_A/A_264.png,DPO_dataset/Img_B/B_264.png,DPO_dataset/Img_true/Real_264.png,DPO_dataset/Img_baseline/Baseline_264.png,,
265,"(np.float64(0.17432238787955234), np.float64(0.752004989803778))",DPO_dataset/Img_A/A_265.png,DPO_dataset/Img_B/B_265.png,DPO_dataset/Img_true/Real_265.png,DPO_dataset/Img_baseline/Baseline_265.png,,
266,"(np.float64(0.19293294954750348), np.float64(0.8173193419278639))",DPO_dataset/Img_A/A_266.png,DPO_dataset/Img_B/B_266.png,DPO_dataset/Img_true/Real_266.png,DPO_dataset/Img_baseline/Baseline_266.png,,
267,"(np.float64(0.20238614846288655), np.float64(0.6851187944463867))",DPO_dataset/Img_A/A_267.png,DPO_dataset/Img_B/B_267.png,DPO_dataset/Img_true/Real_267.png,DPO_dataset/Img_baseline/Baseline_267.png,DPO_dataset/Img_B/B_267.png,DPO_dataset/Img_A/A_267.png
268,"(np.float64(0.3599572444038203), np.float64(0.5453556178083165))",DPO_dataset/Img_A/A_268.png,DPO_dataset/Img_B/B_268.png,DPO_dataset/Img_true/Real_268.png,DPO_dataset/Img_baseline/Baseline_268.png,,
269,"(np.float64(0.4007342391001964), np.float64(0.7900684016037439))",DPO_dataset/Img_A/A_269.png,DPO_dataset/Img_B/B_269.png,DPO_dataset/Img_true/Real_269.png,DPO_dataset/Img_baseline/Baseline_269.png,DPO_dataset/Img_B/B_269.png,DPO_dataset/Img_A/A_269.png
270,"(np.float64(0.36374612218170216), np.float64(0.7490903976922888))",DPO_dataset/Img_A/A_270.png,DPO_dataset/Img_B/B_270.png,DPO_dataset/Img_true/Real_270.png,DPO_dataset/Img_baseline/Baseline_270.png,,
271,"(np.float64(0.3599889521445187), np.float64(0.8332194998193275))",DPO_dataset/Img_A/A_271.png,DPO_dataset/Img_B/B_271.png,DPO_dataset/Img_true/Real_271.png,DPO_dataset/Img_baseline/Baseline_271.png,,
272,"(np.float64(0.21741820471351503), np.float64(0.9522054738837966))",DPO_dataset/Img_A/A_272.png,DPO_dataset/Img_B/B_272.png,DPO_dataset/Img_true/Real_272.png,DPO_dataset/Img_baseline/Baseline_272.png,,
273,"(np.float64(0.4557973224350633), np.float64(0.7952477779299462))",DPO_dataset/Img_A/A_273.png,DPO_dataset/Img_B/B_273.png,DPO_dataset/Img_true/Real_273.png,DPO_dataset/Img_baseline/Baseline_273.png,DPO_dataset/Img_A/A_273.png,DPO_dataset/Img_A/A_273.png
274,"(np.float64(0.2604007139957624), np.float64(1.0))",DPO_dataset/Img_A/A_274.png,DPO_dataset/Img_B/B_274.png,DPO_dataset/Img_true/Real_274.png,DPO_dataset/Img_baseline/Baseline_274.png,DPO_dataset/Img_B/B_274.png,DPO_dataset/Img_B/B_274.png
275,"(np.float64(0.3690033200658328), np.float64(0.9564700387681384))",DPO_dataset/Img_A/A_275.png,DPO_dataset/Img_B/B_275.png,DPO_dataset/Img_true/Real_275.png,DPO_dataset/Img_baseline/Baseline_275.png,,
276,"(np.float64(0.3073199151717676), np.float64(0.8480386856206971))",DPO_dataset/Img_A/A_276.png,DPO_dataset/Img_B/B_276.png,DPO_dataset/Img_true/Real_276.png,DPO_dataset/Img_baseline/Baseline_276.png,,
277,"(np.float64(0.20192133879120333), np.float64(0.8952667276769872))",DPO_dataset/Img_A/A_277.png,DPO_dataset/Img_B/B_277.png,DPO_dataset/Img_true/Real_277.png,DPO_dataset/Img_baseline/Baseline_277.png,,
278,"(np.float64(0.32098569044160413), np.float64(0.8876206012577381))",DPO_dataset/Img_A/A_278.png,DPO_dataset/Img_B/B_278.png,DPO_dataset/Img_true/Real_278.png,DPO_dataset/Img_baseline/Baseline_278.png,DPO_dataset/Img_B/B_278.png,DPO_dataset/Img_B/B_278.png
279,"(np.float64(0.43999810781761944), np.float64(0.7149014580126246))",DPO_dataset/Img_A/A_279.png,DPO_dataset/Img_B/B_279.png,DPO_dataset/Img_true/Real_279.png,DPO_dataset/Img_baseline/Baseline_279.png,,
280,"(np.float64(0.2899405595300846), np.float64(0.846879241125881))",DPO_dataset/Img_A/A_280.png,DPO_dataset/Img_B/B_280.png,DPO_dataset/Img_true/Real_280.png,DPO_dataset/Img_baseline/Baseline_280.png,DPO_dataset/Img_B/B_280.png,DPO_dataset/Img_B/B_280.png
281,"(np.float64(0.3057565592829465), np.float64(0.7077241493678299))",DPO_dataset/Img_A/A_281.png,DPO_dataset/Img_B/B_281.png,DPO_dataset/Img_true/Real_281.png,DPO_dataset/Img_baseline/Baseline_281.png,,
282,"(np.float64(0.09838341004613113), np.float64(0.8189737174426813))",DPO_dataset/Img_A/A_282.png,DPO_dataset/Img_B/B_282.png,DPO_dataset/Img_true/Real_282.png,DPO_dataset/Img_baseline/Baseline_282.png,DPO_dataset/Img_B/B_282.png,DPO_dataset/Img_B/B_282.png
283,"(np.float64(0.2595767456278142), np.float64(0.7890671783083846))",DPO_dataset/Img_A/A_283.png,DPO_dataset/Img_B/B_283.png,DPO_dataset/Img_true/Real_283.png,DPO_dataset/Img_baseline/Baseline_283.png,,
284,"(np.float64(0.2613000984362738), np.float64(0.7865914609047713))",DPO_dataset/Img_A/A_284.png,DPO_dataset/Img_B/B_284.png,DPO_dataset/Img_true/Real_284.png,DPO_dataset/Img_baseline/Baseline_284.png,DPO_dataset/Img_B/B_284.png,DPO_dataset/Img_B/B_284.png
285,"(np.float64(0.1939537394904132), np.float64(0.6836689444804508))",DPO_dataset/Img_A/A_285.png,DPO_dataset/Img_B/B_285.png,DPO_dataset/Img_true/Real_285.png,DPO_dataset/Img_baseline/Baseline_285.png,,
286,"(np.float64(0.13336605125560858), np.float64(0.7459621488654367))",DPO_dataset/Img_A/A_286.png,DPO_dataset/Img_B/B_286.png,DPO_dataset/Img_true/Real_286.png,DPO_dataset/Img_baseline/Baseline_286.png,,
287,"(np.float64(0.36749744999705813), np.float64(0.7626733487988562))",DPO_dataset/Img_A/A_287.png,DPO_dataset/Img_B/B_287.png,DPO_dataset/Img_true/Real_287.png,DPO_dataset/Img_baseline/Baseline_287.png,,
288,"(np.float64(0.3239335980939783), np.float64(0.678172476373666))",DPO_dataset/Img_A/A_288.png,DPO_dataset/Img_B/B_288.png,DPO_dataset/Img_true/Real_288.png,DPO_dataset/Img_baseline/Baseline_288.png,DPO_dataset/Img_B/B_288.png,None
289,"(np.float64(0.30025206794314613), np.float64(0.8922938697390103))",DPO_dataset/Img_A/A_289.png,DPO_dataset/Img_B/B_289.png,DPO_dataset/Img_true/Real_289.png,DPO_dataset/Img_baseline/Baseline_289.png,DPO_dataset/Img_B/B_289.png,DPO_dataset/Img_B/B_289.png
290,"(np.float64(0.20381714236309223), np.float64(0.769649241106551))",DPO_dataset/Img_A/A_290.png,DPO_dataset/Img_B/B_290.png,DPO_dataset/Img_true/Real_290.png,DPO_dataset/Img_baseline/Baseline_290.png,DPO_dataset/Img_A/A_290.png,DPO_dataset/Img_B/B_290.png
291,"(np.float64(0.3889014364599138), np.float64(0.7019538863584126))",DPO_dataset/Img_A/A_291.png,DPO_dataset/Img_B/B_291.png,DPO_dataset/Img_true/Real_291.png,DPO_dataset/Img_baseline/Baseline_291.png,DPO_dataset/Img_A/A_291.png,DPO_dataset/Img_A/A_291.png
292,"(np.float64(0.2510483444353893), np.float64(0.9885332210070311))",DPO_dataset/Img_A/A_292.png,DPO_dataset/Img_B/B_292.png,DPO_dataset/Img_true/Real_292.png,DPO_dataset/Img_baseline/Baseline_292.png,DPO_dataset/Img_A/A_292.png,DPO_dataset/Img_A/A_292.png
293,"(np.float64(0.1744446801316096), np.float64(0.8859905351467066))",DPO_dataset/Img_A/A_293.png,DPO_dataset/Img_B/B_293.png,DPO_dataset/Img_true/Real_293.png,DPO_dataset/Img_baseline/Baseline_293.png,DPO_dataset/Img_A/A_293.png,DPO_dataset/Img_B/B_293.png
294,"(np.float64(0.1472043145569421), np.float64(0.7569488332944547))",DPO_dataset/Img_A/A_294.png,DPO_dataset/Img_B/B_294.png,DPO_dataset/Img_true/Real_294.png,DPO_dataset/Img_baseline/Baseline_294.png,,
295,"(np.float64(0.23318874784790314), np.float64(0.7921753586261456))",DPO_dataset/Img_A/A_295.png,DPO_dataset/Img_B/B_295.png,DPO_dataset/Img_true/Real_295.png,DPO_dataset/Img_baseline/Baseline_295.png,DPO_dataset/Img_B/B_295.png,None
296,"(np.float64(0.2701812533784836), np.float64(0.7077202618089918))",DPO_dataset/Img_A/A_296.png,DPO_dataset/Img_B/B_296.png,DPO_dataset/Img_true/Real_296.png,DPO_dataset/Img_baseline/Baseline_296.png,,
297,"(np.float64(0.456249434574273), np.float64(0.9172536005362341))",DPO_dataset/Img_A/A_297.png,DPO_dataset/Img_B/B_297.png,DPO_dataset/Img_true/Real_297.png,DPO_dataset/Img_baseline/Baseline_297.png,DPO_dataset/Img_B/B_297.png,DPO_dataset/Img_B/B_297.png
298,"(np.float64(0.2759635739412728), np.float64(0.6427263752505105))",DPO_dataset/Img_A/A_298.png,DPO_dataset/Img_B/B_298.png,DPO_dataset/Img_true/Real_298.png,DPO_dataset/Img_baseline/Baseline_298.png,,
299,"(np.float64(0.4255471075530727), np.float64(0.6185295538124108))",DPO_dataset/Img_A/A_299.png,DPO_dataset/Img_B/B_299.png,DPO_dataset/Img_true/Real_299.png,DPO_dataset/Img_baseline/Baseline_299.png,DPO_dataset/Img_A/A_299.png,DPO_dataset/Img_A/A_299.png
300,"(np.float64(0.22637410929097537), np.float64(0.9554966327872906))",DPO_dataset/Img_A/A_300.png,DPO_dataset/Img_B/B_300.png,DPO_dataset/Img_true/Real_300.png,DPO_dataset/Img_baseline/Baseline_300.png,DPO_dataset/Img_B/B_300.png,DPO_dataset/Img_B/B_300.png
301,"(np.float64(0.2944479554413472), np.float64(0.9445255480542906))",DPO_dataset/Img_A/A_301.png,DPO_dataset/Img_B/B_301.png,DPO_dataset/Img_true/Real_301.png,DPO_dataset/Img_baseline/Baseline_301.png,DPO_dataset/Img_B/B_301.png,DPO_dataset/Img_A/A_301.png
302,"(np.float64(0.30312027013753934), np.float64(0.7331974252814033))",DPO_dataset/Img_A/A_302.png,DPO_dataset/Img_B/B_302.png,DPO_dataset/Img_true/Real_302.png,DPO_dataset/Img_baseline/Baseline_302.png,,
303,"(np.float64(0.22651584078961168), np.float64(0.7539779785399514))",DPO_dataset/Img_A/A_303.png,DPO_dataset/Img_B/B_303.png,DPO_dataset/Img_true/Real_303.png,DPO_dataset/Img_baseline/Baseline_303.png,DPO_dataset/Img_B/B_303.png,DPO_dataset/Img_B/B_303.png
304,"(np.float64(0.2671152541209726), np.float64(0.7713303119924727))",DPO_dataset/Img_A/A_304.png,DPO_dataset/Img_B/B_304.png,DPO_dataset/Img_true/Real_304.png,DPO_dataset/Img_baseline/Baseline_304.png,,
305,"(np.float64(0.28500801757307087), np.float64(0.8482488495600298))",DPO_dataset/Img_A/A_305.png,DPO_dataset/Img_B/B_305.png,DPO_dataset/Img_true/Real_305.png,DPO_dataset/Img_baseline/Baseline_305.png,DPO_dataset/Img_B/B_305.png,DPO_dataset/Img_A/A_305.png
306,"(np.float64(0.42312877233064183), np.float64(0.7573473198491787))",DPO_dataset/Img_A/A_306.png,DPO_dataset/Img_B/B_306.png,DPO_dataset/Img_true/Real_306.png,DPO_dataset/Img_baseline/Baseline_306.png,DPO_dataset/Img_A/A_306.png,DPO_dataset/Img_A/A_306.png
307,"(np.float64(0.15098614614598185), np.float64(0.9084573138205392))",DPO_dataset/Img_A/A_307.png,DPO_dataset/Img_B/B_307.png,DPO_dataset/Img_true/Real_307.png,DPO_dataset/Img_baseline/Baseline_307.png,,
308,"(np.float64(0.22830666919200368), np.float64(0.8505318053135551))",DPO_dataset/Img_A/A_308.png,DPO_dataset/Img_B/B_308.png,DPO_dataset/Img_true/Real_308.png,DPO_dataset/Img_baseline/Baseline_308.png,DPO_dataset/Img_A/A_308.png,DPO_dataset/Img_B/B_308.png
309,"(np.float64(0.21340557712914085), np.float64(0.7931396515846626))",DPO_dataset/Img_A/A_309.png,DPO_dataset/Img_B/B_309.png,DPO_dataset/Img_true/Real_309.png,DPO_dataset/Img_baseline/Baseline_309.png,,
310,"(np.float64(0.27689461249338565), np.float64(0.658562259618396))",DPO_dataset/Img_A/A_310.png,DPO_dataset/Img_B/B_310.png,DPO_dataset/Img_true/Real_310.png,DPO_dataset/Img_baseline/Baseline_310.png,DPO_dataset/Img_B/B_310.png,DPO_dataset/Img_B/B_310.png
311,"(np.float64(0.3878054480221302), np.float64(0.9040827950631295))",DPO_dataset/Img_A/A_311.png,DPO_dataset/Img_B/B_311.png,DPO_dataset/Img_true/Real_311.png,DPO_dataset/Img_baseline/Baseline_311.png,,
312,"(np.float64(0.3727874266375845), np.float64(0.6435433275668694))",DPO_dataset/Img_A/A_312.png,DPO_dataset/Img_B/B_312.png,DPO_dataset/Img_true/Real_312.png,DPO_dataset/Img_baseline/Baseline_312.png,DPO_dataset/Img_B/B_312.png,DPO_dataset/Img_B/B_312.png
313,"(np.float64(0.14373566963057394), np.float64(0.9386808229022687))",DPO_dataset/Img_A/A_313.png,DPO_dataset/Img_B/B_313.png,DPO_dataset/Img_true/Real_313.png,DPO_dataset/Img_baseline/Baseline_313.png,DPO_dataset/Img_A/A_313.png,DPO_dataset/Img_B/B_313.png
314,"(np.float64(0.33843554500858575), np.float64(0.8650737063697379))",DPO_dataset/Img_A/A_314.png,DPO_dataset/Img_B/B_314.png,DPO_dataset/Img_true/Real_314.png,DPO_dataset/Img_baseline/Baseline_314.png,DPO_dataset/Img_A/A_314.png,DPO_dataset/Img_B/B_314.png
315,"(np.float64(0.2473626150554436), np.float64(0.7828386243323567))",DPO_dataset/Img_A/A_315.png,DPO_dataset/Img_B/B_315.png,DPO_dataset/Img_true/Real_315.png,DPO_dataset/Img_baseline/Baseline_315.png,,
316,"(np.float64(0.17676525566294504), np.float64(0.9284390579421352))",DPO_dataset/Img_A/A_316.png,DPO_dataset/Img_B/B_316.png,DPO_dataset/Img_true/Real_316.png,DPO_dataset/Img_baseline/Baseline_316.png,,
317,"(np.float64(0.3216708549401058), np.float64(0.9164581141478341))",DPO_dataset/Img_A/A_317.png,DPO_dataset/Img_B/B_317.png,DPO_dataset/Img_true/Real_317.png,DPO_dataset/Img_baseline/Baseline_317.png,DPO_dataset/Img_A/A_317.png,DPO_dataset/Img_A/A_317.png
318,"(np.float64(0.34036748058648114), np.float64(0.7827148279636986))",DPO_dataset/Img_A/A_318.png,DPO_dataset/Img_B/B_318.png,DPO_dataset/Img_true/Real_318.png,DPO_dataset/Img_baseline/Baseline_318.png,,
319,"(np.float64(0.2912662014853908), np.float64(0.8147156787271475))",DPO_dataset/Img_A/A_319.png,DPO_dataset/Img_B/B_319.png,DPO_dataset/Img_true/Real_319.png,DPO_dataset/Img_baseline/Baseline_319.png,DPO_dataset/Img_B/B_319.png,DPO_dataset/Img_A/A_319.png
320,"(np.float64(0.26889028152934763), np.float64(0.7374592205939088))",DPO_dataset/Img_A/A_320.png,DPO_dataset/Img_B/B_320.png,DPO_dataset/Img_true/Real_320.png,DPO_dataset/Img_baseline/Baseline_320.png,,
321,"(np.float64(0.18025637420299948), np.float64(0.8111964821682476))",DPO_dataset/Img_A/A_321.png,DPO_dataset/Img_B/B_321.png,DPO_dataset/Img_true/Real_321.png,DPO_dataset/Img_baseline/Baseline_321.png,,
322,"(np.float64(0.16188270040764333), np.float64(0.6280727436981984))",DPO_dataset/Img_A/A_322.png,DPO_dataset/Img_B/B_322.png,DPO_dataset/Img_true/Real_322.png,DPO_dataset/Img_baseline/Baseline_322.png,DPO_dataset/Img_A/A_322.png,DPO_dataset/Img_B/B_322.png
323,"(np.float64(0.29544013745340614), np.float64(0.7850037966328592))",DPO_dataset/Img_A/A_323.png,DPO_dataset/Img_B/B_323.png,DPO_dataset/Img_true/Real_323.png,DPO_dataset/Img_baseline/Baseline_323.png,DPO_dataset/Img_A/A_323.png,DPO_dataset/Img_A/A_323.png
324,"(np.float64(0.29220841419768134), np.float64(0.749200493730516))",DPO_dataset/Img_A/A_324.png,DPO_dataset/Img_B/B_324.png,DPO_dataset/Img_true/Real_324.png,DPO_dataset/Img_baseline/Baseline_324.png,,
325,"(np.float64(0.3191726414544082), np.float64(0.8237799655428089))",DPO_dataset/Img_A/A_325.png,DPO_dataset/Img_B/B_325.png,DPO_dataset/Img_true/Real_325.png,DPO_dataset/Img_baseline/Baseline_325.png,,
326,"(np.float64(0.23521817506853498), np.float64(0.757697923172405))",DPO_dataset/Img_A/A_326.png,DPO_dataset/Img_B/B_326.png,DPO_dataset/Img_true/Real_326.png,DPO_dataset/Img_baseline/Baseline_326.png,DPO_dataset/Img_B/B_326.png,DPO_dataset/Img_A/A_326.png
327,"(np.float64(0.3953847285679373), np.float64(0.8761495562326842))",DPO_dataset/Img_A/A_327.png,DPO_dataset/Img_B/B_327.png,DPO_dataset/Img_true/Real_327.png,DPO_dataset/Img_baseline/Baseline_327.png,DPO_dataset/Img_B/B_327.png,DPO_dataset/Img_A/A_327.png
328,"(np.float64(0.33035461749737804), np.float64(0.8130674002194177))",DPO_dataset/Img_A/A_328.png,DPO_dataset/Img_B/B_328.png,DPO_dataset/Img_true/Real_328.png,DPO_dataset/Img_baseline/Baseline_328.png,,
329,"(np.float64(0.274601898883811), np.float64(0.7898277403586949))",DPO_dataset/Img_A/A_329.png,DPO_dataset/Img_B/B_329.png,DPO_dataset/Img_true/Real_329.png,DPO_dataset/Img_baseline/Baseline_329.png,DPO_dataset/Img_B/B_329.png,DPO_dataset/Img_A/A_329.png
330,"(np.float64(0.40727108539924106), np.float64(0.7583881909435836))",DPO_dataset/Img_A/A_330.png,DPO_dataset/Img_B/B_330.png,DPO_dataset/Img_true/Real_330.png,DPO_dataset/Img_baseline/Baseline_330.png,,
331,"(np.float64(0.356013736587795), np.float64(0.9633567191624781))",DPO_dataset/Img_A/A_331.png,DPO_dataset/Img_B/B_331.png,DPO_dataset/Img_true/Real_331.png,DPO_dataset/Img_baseline/Baseline_331.png,DPO_dataset/Img_B/B_331.png,DPO_dataset/Img_B/B_331.png
332,"(np.float64(0.15677844245054168), np.float64(0.9179846804655973))",DPO_dataset/Img_A/A_332.png,DPO_dataset/Img_B/B_332.png,DPO_dataset/Img_true/Real_332.png,DPO_dataset/Img_baseline/Baseline_332.png,,
333,"(np.float64(0.3624587415065525), np.float64(0.9042860737616556))",DPO_dataset/Img_A/A_333.png,DPO_dataset/Img_B/B_333.png,DPO_dataset/Img_true/Real_333.png,DPO_dataset/Img_baseline/Baseline_333.png,DPO_dataset/Img_A/A_333.png,DPO_dataset/Img_A/A_333.png
334,"(np.float64(0.26690513847799696), np.float64(0.6798701532859712))",DPO_dataset/Img_A/A_334.png,DPO_dataset/Img_B/B_334.png,DPO_dataset/Img_true/Real_334.png,DPO_dataset/Img_baseline/Baseline_334.png,,
335,"(np.float64(0.19443731422695706), np.float64(0.8041427463998538))",DPO_dataset/Img_A/A_335.png,DPO_dataset/Img_B/B_335.png,DPO_dataset/Img_true/Real_335.png,DPO_dataset/Img_baseline/Baseline_335.png,,
336,"(np.float64(0.15727663634405592), np.float64(0.6863852457052653))",DPO_dataset/Img_A/A_336.png,DPO_dataset/Img_B/B_336.png,DPO_dataset/Img_true/Real_336.png,DPO_dataset/Img_baseline/Baseline_336.png,DPO_dataset/Img_B/B_336.png,DPO_dataset/Img_A/A_336.png
337,"(np.float64(0.22655893578008404), np.float64(0.816772888222153))",DPO_dataset/Img_A/A_337.png,DPO_dataset/Img_B/B_337.png,DPO_dataset/Img_true/Real_337.png,DPO_dataset/Img_baseline/Baseline_337.png,DPO_dataset/Img_A/A_337.png,DPO_dataset/Img_A/A_337.png
338,"(np.float64(0.21276613159564928), np.float64(0.6060368764070522))",DPO_dataset/Img_A/A_338.png,DPO_dataset/Img_B/B_338.png,DPO_dataset/Img_true/Real_338.png,DPO_dataset/Img_baseline/Baseline_338.png,,
339,"(np.float64(0.20993602830744268), np.float64(0.8995605600373768))",DPO_dataset/Img_A/A_339.png,DPO_dataset/Img_B/B_339.png,DPO_dataset/Img_true/Real_339.png,DPO_dataset/Img_baseline/Baseline_339.png,,
340,"(np.float64(0.18165112196090513), np.float64(0.774269502740905))",DPO_dataset/Img_A/A_340.png,DPO_dataset/Img_B/B_340.png,DPO_dataset/Img_true/Real_340.png,DPO_dataset/Img_baseline/Baseline_340.png,DPO_dataset/Img_A/A_340.png,DPO_dataset/Img_B/B_340.png
341,"(np.float64(0.2774997130549005), np.float64(1.0))",DPO_dataset/Img_A/A_341.png,DPO_dataset/Img_B/B_341.png,DPO_dataset/Img_true/Real_341.png,DPO_dataset/Img_baseline/Baseline_341.png,,
342,"(np.float64(0.27052531530307344), np.float64(0.7459013096964319))",DPO_dataset/Img_A/A_342.png,DPO_dataset/Img_B/B_342.png,DPO_dataset/Img_true/Real_342.png,DPO_dataset/Img_baseline/Baseline_342.png,,
343,"(np.float64(0.3530836664944798), np.float64(0.717555330902306))",DPO_dataset/Img_A/A_343.png,DPO_dataset/Img_B/B_343.png,DPO_dataset/Img_true/Real_343.png,DPO_dataset/Img_baseline/Baseline_343.png,DPO_dataset/Img_A/A_343.png,DPO_dataset/Img_B/B_343.png
344,"(np.float64(0.24117150131644272), np.float64(0.7837127134791236))",DPO_dataset/Img_A/A_344.png,DPO_dataset/Img_B/B_344.png,DPO_dataset/Img_true/Real_344.png,DPO_dataset/Img_baseline/Baseline_344.png,DPO_dataset/Img_B/B_344.png,DPO_dataset/Img_B/B_344.png
345,"(np.float64(0.36233819541994283), np.float64(0.7539485821102608))",DPO_dataset/Img_A/A_345.png,DPO_dataset/Img_B/B_345.png,DPO_dataset/Img_true/Real_345.png,DPO_dataset/Img_baseline/Baseline_345.png,,
346,"(np.float64(0.3059788250543758), np.float64(0.7019477142635769))",DPO_dataset/Img_A/A_346.png,DPO_dataset/Img_B/B_346.png,DPO_dataset/Img_true/Real_346.png,DPO_dataset/Img_baseline/Baseline_346.png,DPO_dataset/Img_A/A_346.png,DPO_dataset/Img_B/B_346.png
347,"(np.float64(0.2980232520799244), np.float64(0.7768323011004519))",DPO_dataset/Img_A/A_347.png,DPO_dataset/Img_B/B_347.png,DPO_dataset/Img_true/Real_347.png,DPO_dataset/Img_baseline/Baseline_347.png,DPO_dataset/Img_A/A_347.png,DPO_dataset/Img_B/B_347.png
348,"(np.float64(0.27605145935608505), np.float64(0.9894377660871219))",DPO_dataset/Img_A/A_348.png,DPO_dataset/Img_B/B_348.png,DPO_dataset/Img_true/Real_348.png,DPO_dataset/Img_baseline/Baseline_348.png,DPO_dataset/Img_B/B_348.png,DPO_dataset/Img_B/B_348.png
349,"(np.float64(0.3613256638527256), np.float64(0.8848434282368239))",DPO_dataset/Img_A/A_349.png,DPO_dataset/Img_B/B_349.png,DPO_dataset/Img_true/Real_349.png,DPO_dataset/Img_baseline/Baseline_349.png,,
350,"(np.float64(0.30124181657059296), np.float64(0.7030226315324657))",DPO_dataset/Img_A/A_350.png,DPO_dataset/Img_B/B_350.png,DPO_dataset/Img_true/Real_350.png,DPO_dataset/Img_baseline/Baseline_350.png,DPO_dataset/Img_B/B_350.png,DPO_dataset/Img_B/B_350.png
351,"(np.float64(0.22322571373058692), np.float64(0.7645675531087899))",DPO_dataset/Img_A/A_351.png,DPO_dataset/Img_B/B_351.png,DPO_dataset/Img_true/Real_351.png,DPO_dataset/Img_baseline/Baseline_351.png,,
352,"(np.float64(0.3070661145973289), np.float64(0.944739602034795))",DPO_dataset/Img_A/A_352.png,DPO_dataset/Img_B/B_352.png,DPO_dataset/Img_true/Real_352.png,DPO_dataset/Img_baseline/Baseline_352.png,,
353,"(np.float64(0.1939369159937366), np.float64(0.8924142354130369))",DPO_dataset/Img_A/A_353.png,DPO_dataset/Img_B/B_353.png,DPO_dataset/Img_true/Real_353.png,DPO_dataset/Img_baseline/Baseline_353.png,DPO_dataset/Img_A/A_353.png,DPO_dataset/Img_B/B_353.png
354,"(np.float64(0.1968166702263107), np.float64(0.9115430588377839))",DPO_dataset/Img_A/A_354.png,DPO_dataset/Img_B/B_354.png,DPO_dataset/Img_true/Real_354.png,DPO_dataset/Img_baseline/Baseline_354.png,DPO_dataset/Img_A/A_354.png,DPO_dataset/Img_B/B_354.png
355,"(np.float64(0.29743319481538183), np.float64(0.7498371085261664))",DPO_dataset/Img_A/A_355.png,DPO_dataset/Img_B/B_355.png,DPO_dataset/Img_true/Real_355.png,DPO_dataset/Img_baseline/Baseline_355.png,DPO_dataset/Img_B/B_355.png,DPO_dataset/Img_B/B_355.png
356,"(np.float64(0.4632803183013265), np.float64(0.8611992932433252))",DPO_dataset/Img_A/A_356.png,DPO_dataset/Img_B/B_356.png,DPO_dataset/Img_true/Real_356.png,DPO_dataset/Img_baseline/Baseline_356.png,,
357,"(np.float64(0.1817912150815136), np.float64(0.8429448896755238))",DPO_dataset/Img_A/A_357.png,DPO_dataset/Img_B/B_357.png,DPO_dataset/Img_true/Real_357.png,DPO_dataset/Img_baseline/Baseline_357.png,DPO_dataset/Img_B/B_357.png,DPO_dataset/Img_A/A_357.png
358,"(np.float64(0.3679771525411848), np.float64(0.9298761255271224))",DPO_dataset/Img_A/A_358.png,DPO_dataset/Img_B/B_358.png,DPO_dataset/Img_true/Real_358.png,DPO_dataset/Img_baseline/Baseline_358.png,,
359,"(np.float64(0.06626228152035603), np.float64(0.6583012908424682))",DPO_dataset/Img_A/A_359.png,DPO_dataset/Img_B/B_359.png,DPO_dataset/Img_true/Real_359.png,DPO_dataset/Img_baseline/Baseline_359.png,DPO_dataset/Img_A/A_359.png,DPO_dataset/Img_A/A_359.png
360,"(np.float64(0.4987909546138636), np.float64(0.8985928037350845))",DPO_dataset/Img_A/A_360.png,DPO_dataset/Img_B/B_360.png,DPO_dataset/Img_true/Real_360.png,DPO_dataset/Img_baseline/Baseline_360.png,,
361,"(np.float64(0.2758647378256136), np.float64(0.9841607603694524))",DPO_dataset/Img_A/A_361.png,DPO_dataset/Img_B/B_361.png,DPO_dataset/Img_true/Real_361.png,DPO_dataset/Img_baseline/Baseline_361.png,DPO_dataset/Img_A/A_361.png,DPO_dataset/Img_B/B_361.png
362,"(np.float64(0.2717525752588632), np.float64(0.964488531315217))",DPO_dataset/Img_A/A_362.png,DPO_dataset/Img_B/B_362.png,DPO_dataset/Img_true/Real_362.png,DPO_dataset/Img_baseline/Baseline_362.png,,
363,"(np.float64(0.3049678169553178), np.float64(0.8280717081896853))",DPO_dataset/Img_A/A_363.png,DPO_dataset/Img_B/B_363.png,DPO_dataset/Img_true/Real_363.png,DPO_dataset/Img_baseline/Baseline_363.png,DPO_dataset/Img_B/B_363.png,DPO_dataset/Img_A/A_363.png
364,"(np.float64(0.34030964988599116), np.float64(0.7733928624481977))",DPO_dataset/Img_A/A_364.png,DPO_dataset/Img_B/B_364.png,DPO_dataset/Img_true/Real_364.png,DPO_dataset/Img_baseline/Baseline_364.png,DPO_dataset/Img_B/B_364.png,DPO_dataset/Img_B/B_364.png
365,"(np.float64(0.20399998484056522), np.float64(0.7390795465814176))",DPO_dataset/Img_A/A_365.png,DPO_dataset/Img_B/B_365.png,DPO_dataset/Img_true/Real_365.png,DPO_dataset/Img_baseline/Baseline_365.png,,
366,"(np.float64(0.33745021076806736), np.float64(0.8347768092626279))",DPO_dataset/Img_A/A_366.png,DPO_dataset/Img_B/B_366.png,DPO_dataset/Img_true/Real_366.png,DPO_dataset/Img_baseline/Baseline_366.png,,
367,"(np.float64(0.5675069822361716), np.float64(0.7912953390163944))",DPO_dataset/Img_A/A_367.png,DPO_dataset/Img_B/B_367.png,DPO_dataset/Img_true/Real_367.png,DPO_dataset/Img_baseline/Baseline_367.png,,
368,"(np.float64(0.11879809210004086), np.float64(0.8545018523791361))",DPO_dataset/Img_A/A_368.png,DPO_dataset/Img_B/B_368.png,DPO_dataset/Img_true/Real_368.png,DPO_dataset/Img_baseline/Baseline_368.png,,
369,"(np.float64(0.3590665659328919), np.float64(0.6641300392624182))",DPO_dataset/Img_A/A_369.png,DPO_dataset/Img_B/B_369.png,DPO_dataset/Img_true/Real_369.png,DPO_dataset/Img_baseline/Baseline_369.png,DPO_dataset/Img_B/B_369.png,DPO_dataset/Img_A/A_369.png
370,"(np.float64(0.2768083846562475), np.float64(0.7227019282518531))",DPO_dataset/Img_A/A_370.png,DPO_dataset/Img_B/B_370.png,DPO_dataset/Img_true/Real_370.png,DPO_dataset/Img_baseline/Baseline_370.png,DPO_dataset/Img_B/B_370.png,DPO_dataset/Img_B/B_370.png
371,"(np.float64(0.3446804497159654), np.float64(0.8577520130830407))",DPO_dataset/Img_A/A_371.png,DPO_dataset/Img_B/B_371.png,DPO_dataset/Img_true/Real_371.png,DPO_dataset/Img_baseline/Baseline_371.png,DPO_dataset/Img_B/B_371.png,DPO_dataset/Img_B/B_371.png
372,"(np.float64(0.2512114871962702), np.float64(0.756258346692528))",DPO_dataset/Img_A/A_372.png,DPO_dataset/Img_B/B_372.png,DPO_dataset/Img_true/Real_372.png,DPO_dataset/Img_baseline/Baseline_372.png,DPO_dataset/Img_B/B_372.png,None
373,"(np.float64(0.31379996665196286), np.float64(0.8739680943303436))",DPO_dataset/Img_A/A_373.png,DPO_dataset/Img_B/B_373.png,DPO_dataset/Img_true/Real_373.png,DPO_dataset/Img_baseline/Baseline_373.png,DPO_dataset/Img_A/A_373.png,DPO_dataset/Img_B/B_373.png
374,"(np.float64(0.18647233681514466), np.float64(0.7502335507864248))",DPO_dataset/Img_A/A_374.png,DPO_dataset/Img_B/B_374.png,DPO_dataset/Img_true/Real_374.png,DPO_dataset/Img_baseline/Baseline_374.png,,
375,"(np.float64(0.378806768754219), np.float64(0.8853372703476415))",DPO_dataset/Img_A/A_375.png,DPO_dataset/Img_B/B_375.png,DPO_dataset/Img_true/Real_375.png,DPO_dataset/Img_baseline/Baseline_375.png,DPO_dataset/Img_B/B_375.png,DPO_dataset/Img_B/B_375.png
376,"(np.float64(0.3520816628494498), np.float64(0.5861489022131412))",DPO_dataset/Img_A/A_376.png,DPO_dataset/Img_B/B_376.png,DPO_dataset/Img_true/Real_376.png,DPO_dataset/Img_baseline/Baseline_376.png,,
377,"(np.float64(0.15522024161053136), np.float64(0.9506101701239675))",DPO_dataset/Img_A/A_377.png,DPO_dataset/Img_B/B_377.png,DPO_dataset/Img_true/Real_377.png,DPO_dataset/Img_baseline/Baseline_377.png,DPO_dataset/Img_B/B_377.png,DPO_dataset/Img_A/A_377.png
378,"(np.float64(0.24443179228595202), np.float64(0.6717877700850071))",DPO_dataset/Img_A/A_378.png,DPO_dataset/Img_B/B_378.png,DPO_dataset/Img_true/Real_378.png,DPO_dataset/Img_baseline/Baseline_378.png,,
379,"(np.float64(0.29990227277224824), np.float64(0.7080041368355631))",DPO_dataset/Img_A/A_379.png,DPO_dataset/Img_B/B_379.png,DPO_dataset/Img_true/Real_379.png,DPO_dataset/Img_baseline/Baseline_379.png,,
380,"(np.float64(0.476494272955327), np.float64(0.8844241853245313))",DPO_dataset/Img_A/A_380.png,DPO_dataset/Img_B/B_380.png,DPO_dataset/Img_true/Real_380.png,DPO_dataset/Img_baseline/Baseline_380.png,DPO_dataset/Img_A/A_380.png,DPO_dataset/Img_A/A_380.png
381,"(np.float64(0.2335538889142735), np.float64(0.7844348928806522))",DPO_dataset/Img_A/A_381.png,DPO_dataset/Img_B/B_381.png,DPO_dataset/Img_true/Real_381.png,DPO_dataset/Img_baseline/Baseline_381.png,,
382,"(np.float64(0.4000506509713348), np.float64(0.9771670580905928))",DPO_dataset/Img_A/A_382.png,DPO_dataset/Img_B/B_382.png,DPO_dataset/Img_true/Real_382.png,DPO_dataset/Img_baseline/Baseline_382.png,DPO_dataset/Img_A/A_382.png,DPO_dataset/Img_A/A_382.png
383,"(np.float64(0.19863855781782064), np.float64(0.9968899738714548))",DPO_dataset/Img_A/A_383.png,DPO_dataset/Img_B/B_383.png,DPO_dataset/Img_true/Real_383.png,DPO_dataset/Img_baseline/Baseline_383.png,DPO_dataset/Img_B/B_383.png,DPO_dataset/Img_B/B_383.png
384,"(np.float64(0.4016721098740113), np.float64(0.8405408061074643))",DPO_dataset/Img_A/A_384.png,DPO_dataset/Img_B/B_384.png,DPO_dataset/Img_true/Real_384.png,DPO_dataset/Img_baseline/Baseline_384.png,,
385,"(np.float64(0.19056158601994197), np.float64(0.8271559874086383))",DPO_dataset/Img_A/A_385.png,DPO_dataset/Img_B/B_385.png,DPO_dataset/Img_true/Real_385.png,DPO_dataset/Img_baseline/Baseline_385.png,,
386,"(np.float64(0.3667623475710889), np.float64(0.6955842908546687))",DPO_dataset/Img_A/A_386.png,DPO_dataset/Img_B/B_386.png,DPO_dataset/Img_true/Real_386.png,DPO_dataset/Img_baseline/Baseline_386.png,,
387,"(np.float64(0.13300472851140238), np.float64(0.8754354861454915))",DPO_dataset/Img_A/A_387.png,DPO_dataset/Img_B/B_387.png,DPO_dataset/Img_true/Real_387.png,DPO_dataset/Img_baseline/Baseline_387.png,,
388,"(np.float64(0.2663923643213517), np.float64(0.8982303635176752))",DPO_dataset/Img_A/A_388.png,DPO_dataset/Img_B/B_388.png,DPO_dataset/Img_true/Real_388.png,DPO_dataset/Img_baseline/Baseline_388.png,DPO_dataset/Img_A/A_388.png,DPO_dataset/Img_A/A_388.png
389,"(np.float64(0.3345820663707422), np.float64(0.7322444526248449))",DPO_dataset/Img_A/A_389.png,DPO_dataset/Img_B/B_389.png,DPO_dataset/Img_true/Real_389.png,DPO_dataset/Img_baseline/Baseline_389.png,,
390,"(np.float64(0.21370996701039252), np.float64(0.8838280412874732))",DPO_dataset/Img_A/A_390.png,DPO_dataset/Img_B/B_390.png,DPO_dataset/Img_true/Real_390.png,DPO_dataset/Img_baseline/Baseline_390.png,DPO_dataset/Img_B/B_390.png,DPO_dataset/Img_A/A_390.png
391,"(np.float64(0.32008706419882993), np.float64(0.7884085353540125))",DPO_dataset/Img_A/A_391.png,DPO_dataset/Img_B/B_391.png,DPO_dataset/Img_true/Real_391.png,DPO_dataset/Img_baseline/Baseline_391.png,DPO_dataset/Img_B/B_391.png,DPO_dataset/Img_A/A_391.png
392,"(np.float64(0.27267080390079657), np.float64(0.9043275750897954))",DPO_dataset/Img_A/A_392.png,DPO_dataset/Img_B/B_392.png,DPO_dataset/Img_true/Real_392.png,DPO_dataset/Img_baseline/Baseline_392.png,DPO_dataset/Img_B/B_392.png,DPO_dataset/Img_A/A_392.png
393,"(np.float64(0.17187027322408663), np.float64(0.8429747180997436))",DPO_dataset/Img_A/A_393.png,DPO_dataset/Img_B/B_393.png,DPO_dataset/Img_true/Real_393.png,DPO_dataset/Img_baseline/Baseline_393.png,,
394,"(np.float64(0.3858354565793543), np.float64(0.7497977184239444))",DPO_dataset/Img_A/A_394.png,DPO_dataset/Img_B/B_394.png,DPO_dataset/Img_true/Real_394.png,DPO_dataset/Img_baseline/Baseline_394.png,,
395,"(np.float64(0.24582511979199584), np.float64(0.7376911626101132))",DPO_dataset/Img_A/A_395.png,DPO_dataset/Img_B/B_395.png,DPO_dataset/Img_true/Real_395.png,DPO_dataset/Img_baseline/Baseline_395.png,,
396,"(np.float64(0.36929461018879683), np.float64(0.7705176945478109))",DPO_dataset/Img_A/A_396.png,DPO_dataset/Img_B/B_396.png,DPO_dataset/Img_true/Real_396.png,DPO_dataset/Img_baseline/Baseline_396.png,,
397,"(np.float64(0.3667986938015972), np.float64(0.7996139151457968))",DPO_dataset/Img_A/A_397.png,DPO_dataset/Img_B/B_397.png,DPO_dataset/Img_true/Real_397.png,DPO_dataset/Img_baseline/Baseline_397.png,,
398,"(np.float64(0.25355245777450114), np.float64(0.9710916962700563))",DPO_dataset/Img_A/A_398.png,DPO_dataset/Img_B/B_398.png,DPO_dataset/Img_true/Real_398.png,DPO_dataset/Img_baseline/Baseline_398.png,,
399,"(np.float64(0.4689482974266583), np.float64(0.7266747545628736))",DPO_dataset/Img_A/A_399.png,DPO_dataset/Img_B/B_399.png,DPO_dataset/Img_true/Real_399.png,DPO_dataset/Img_baseline/Baseline_399.png,,
400,"(np.float64(0.3608450786502494), np.float64(0.8329322735438359))",DPO_dataset/Img_A/A_400.png,DPO_dataset/Img_B/B_400.png,DPO_dataset/Img_true/Real_400.png,DPO_dataset/Img_baseline/Baseline_400.png,,
401,"(np.float64(0.29581257341056016), np.float64(0.8196706732443948))",DPO_dataset/Img_A/A_401.png,DPO_dataset/Img_B/B_401.png,DPO_dataset/Img_true/Real_401.png,DPO_dataset/Img_baseline/Baseline_401.png,,
402,"(np.float64(0.1395043230929222), np.float64(0.6584044189203266))",DPO_dataset/Img_A/A_402.png,DPO_dataset/Img_B/B_402.png,DPO_dataset/Img_true/Real_402.png,DPO_dataset/Img_baseline/Baseline_402.png,,
403,"(np.float64(0.4432649333031177), np.float64(0.8119348173473392))",DPO_dataset/Img_A/A_403.png,DPO_dataset/Img_B/B_403.png,DPO_dataset/Img_true/Real_403.png,DPO_dataset/Img_baseline/Baseline_403.png,,
404,"(np.float64(0.3779813406199758), np.float64(0.8211286097683311))",DPO_dataset/Img_A/A_404.png,DPO_dataset/Img_B/B_404.png,DPO_dataset/Img_true/Real_404.png,DPO_dataset/Img_baseline/Baseline_404.png,,
405,"(np.float64(0.3105169969342608), np.float64(0.8285373834589758))",DPO_dataset/Img_A/A_405.png,DPO_dataset/Img_B/B_405.png,DPO_dataset/Img_true/Real_405.png,DPO_dataset/Img_baseline/Baseline_405.png,,
406,"(np.float64(0.2567981112888222), np.float64(1.0))",DPO_dataset/Img_A/A_406.png,DPO_dataset/Img_B/B_406.png,DPO_dataset/Img_true/Real_406.png,DPO_dataset/Img_baseline/Baseline_406.png,,
407,"(np.float64(0.35233257985734134), np.float64(0.6955053661540787))",DPO_dataset/Img_A/A_407.png,DPO_dataset/Img_B/B_407.png,DPO_dataset/Img_true/Real_407.png,DPO_dataset/Img_baseline/Baseline_407.png,,
408,"(np.float64(0.4896607882937762), np.float64(0.789570254507618))",DPO_dataset/Img_A/A_408.png,DPO_dataset/Img_B/B_408.png,DPO_dataset/Img_true/Real_408.png,DPO_dataset/Img_baseline/Baseline_408.png,,
409,"(np.float64(0.40792122330902597), np.float64(0.7875817490637983))",DPO_dataset/Img_A/A_409.png,DPO_dataset/Img_B/B_409.png,DPO_dataset/Img_true/Real_409.png,DPO_dataset/Img_baseline/Baseline_409.png,,
410,"(np.float64(0.2622903523872781), np.float64(0.8906300214087604))",DPO_dataset/Img_A/A_410.png,DPO_dataset/Img_B/B_410.png,DPO_dataset/Img_true/Real_410.png,DPO_dataset/Img_baseline/Baseline_410.png,,
411,"(np.float64(0.3920711606816875), np.float64(0.7692540835696571))",DPO_dataset/Img_A/A_411.png,DPO_dataset/Img_B/B_411.png,DPO_dataset/Img_true/Real_411.png,DPO_dataset/Img_baseline/Baseline_411.png,,
412,"(np.float64(0.43356388047257305), np.float64(0.8296620764902183))",DPO_dataset/Img_A/A_412.png,DPO_dataset/Img_B/B_412.png,DPO_dataset/Img_true/Real_412.png,DPO_dataset/Img_baseline/Baseline_412.png,,
413,"(np.float64(0.25270770249303764), np.float64(0.6191085426919657))",DPO_dataset/Img_A/A_413.png,DPO_dataset/Img_B/B_413.png,DPO_dataset/Img_true/Real_413.png,DPO_dataset/Img_baseline/Baseline_413.png,DPO_dataset/Img_B/B_413.png,DPO_dataset/Img_B/B_413.png
414,"(np.float64(0.24875051772322415), np.float64(0.8517991983242883))",DPO_dataset/Img_A/A_414.png,DPO_dataset/Img_B/B_414.png,DPO_dataset/Img_true/Real_414.png,DPO_dataset/Img_baseline/Baseline_414.png,DPO_dataset/Img_B/B_414.png,DPO_dataset/Img_A/A_414.png
415,"(np.float64(0.395589104517739), np.float64(0.7928447506876447))",DPO_dataset/Img_A/A_415.png,DPO_dataset/Img_B/B_415.png,DPO_dataset/Img_true/Real_415.png,DPO_dataset/Img_baseline/Baseline_415.png,DPO_dataset/Img_B/B_415.png,DPO_dataset/Img_B/B_415.png
416,"(np.float64(0.5074604411915518), np.float64(0.630420112293511))",DPO_dataset/Img_A/A_416.png,DPO_dataset/Img_B/B_416.png,DPO_dataset/Img_true/Real_416.png,DPO_dataset/Img_baseline/Baseline_416.png,DPO_dataset/Img_A/A_416.png,DPO_dataset/Img_A/A_416.png
417,"(np.float64(0.34516794820131047), np.float64(0.7448278177589749))",DPO_dataset/Img_A/A_417.png,DPO_dataset/Img_B/B_417.png,DPO_dataset/Img_true/Real_417.png,DPO_dataset/Img_baseline/Baseline_417.png,,
418,"(np.float64(0.28527697995778406), np.float64(0.8512337898887989))",DPO_dataset/Img_A/A_418.png,DPO_dataset/Img_B/B_418.png,DPO_dataset/Img_true/Real_418.png,DPO_dataset/Img_baseline/Baseline_418.png,,
419,"(np.float64(0.25076441431217494), np.float64(0.8325502480861312))",DPO_dataset/Img_A/A_419.png,DPO_dataset/Img_B/B_419.png,DPO_dataset/Img_true/Real_419.png,DPO_dataset/Img_baseline/Baseline_419.png,,
420,"(np.float64(0.31142174448608795), np.float64(0.9307856372504667))",DPO_dataset/Img_A/A_420.png,DPO_dataset/Img_B/B_420.png,DPO_dataset/Img_true/Real_420.png,DPO_dataset/Img_baseline/Baseline_420.png,DPO_dataset/Img_B/B_420.png,DPO_dataset/Img_B/B_420.png
421,"(np.float64(0.3142805958249595), np.float64(0.8997861787445717))",DPO_dataset/Img_A/A_421.png,DPO_dataset/Img_B/B_421.png,DPO_dataset/Img_true/Real_421.png,DPO_dataset/Img_baseline/Baseline_421.png,,
422,"(np.float64(0.20009546866645364), np.float64(0.8396255149758906))",DPO_dataset/Img_A/A_422.png,DPO_dataset/Img_B/B_422.png,DPO_dataset/Img_true/Real_422.png,DPO_dataset/Img_baseline/Baseline_422.png,,
423,"(np.float64(0.3325566626335971), np.float64(0.8186928384865286))",DPO_dataset/Img_A/A_423.png,DPO_dataset/Img_B/B_423.png,DPO_dataset/Img_true/Real_423.png,DPO_dataset/Img_baseline/Baseline_423.png,,
424,"(np.float64(0.1637460451542467), np.float64(0.7050299645029025))",DPO_dataset/Img_A/A_424.png,DPO_dataset/Img_B/B_424.png,DPO_dataset/Img_true/Real_424.png,DPO_dataset/Img_baseline/Baseline_424.png,,
425,"(np.float64(0.29368258488075105), np.float64(0.737487215500996))",DPO_dataset/Img_A/A_425.png,DPO_dataset/Img_B/B_425.png,DPO_dataset/Img_true/Real_425.png,DPO_dataset/Img_baseline/Baseline_425.png,,
426,"(np.float64(0.3957461514550392), np.float64(0.6329205872766174))",DPO_dataset/Img_A/A_426.png,DPO_dataset/Img_B/B_426.png,DPO_dataset/Img_true/Real_426.png,DPO_dataset/Img_baseline/Baseline_426.png,DPO_dataset/Img_B/B_426.png,DPO_dataset/Img_A/A_426.png
427,"(np.float64(0.15902531617155), np.float64(0.9831009968073311))",DPO_dataset/Img_A/A_427.png,DPO_dataset/Img_B/B_427.png,DPO_dataset/Img_true/Real_427.png,DPO_dataset/Img_baseline/Baseline_427.png,DPO_dataset/Img_A/A_427.png,DPO_dataset/Img_A/A_427.png
428,"(np.float64(0.2879180814270426), np.float64(0.8240229923272195))",DPO_dataset/Img_A/A_428.png,DPO_dataset/Img_B/B_428.png,DPO_dataset/Img_true/Real_428.png,DPO_dataset/Img_baseline/Baseline_428.png,DPO_dataset/Img_B/B_428.png,DPO_dataset/Img_B/B_428.png
429,"(np.float64(0.2364220008781568), np.float64(0.6805977348949819))",DPO_dataset/Img_A/A_429.png,DPO_dataset/Img_B/B_429.png,DPO_dataset/Img_true/Real_429.png,DPO_dataset/Img_baseline/Baseline_429.png,DPO_dataset/Img_B/B_429.png,DPO_dataset/Img_B/B_429.png
430,"(np.float64(0.34763974709559736), np.float64(0.7475006522034975))",DPO_dataset/Img_A/A_430.png,DPO_dataset/Img_B/B_430.png,DPO_dataset/Img_true/Real_430.png,DPO_dataset/Img_baseline/Baseline_430.png,,
431,"(np.float64(0.39563587185348764), np.float64(0.8146454817725954))",DPO_dataset/Img_A/A_431.png,DPO_dataset/Img_B/B_431.png,DPO_dataset/Img_true/Real_431.png,DPO_dataset/Img_baseline/Baseline_431.png,DPO_dataset/Img_A/A_431.png,None
432,"(np.float64(0.29060133308526453), np.float64(0.7333158096577893))",DPO_dataset/Img_A/A_432.png,DPO_dataset/Img_B/B_432.png,DPO_dataset/Img_true/Real_432.png,DPO_dataset/Img_baseline/Baseline_432.png,,
433,"(np.float64(0.3944399210500444), np.float64(0.8619874910223241))",DPO_dataset/Img_A/A_433.png,DPO_dataset/Img_B/B_433.png,DPO_dataset/Img_true/Real_433.png,DPO_dataset/Img_baseline/Baseline_433.png,,
434,"(np.float64(0.3528840262462342), np.float64(0.6102390454014716))",DPO_dataset/Img_A/A_434.png,DPO_dataset/Img_B/B_434.png,DPO_dataset/Img_true/Real_434.png,DPO_dataset/Img_baseline/Baseline_434.png,,
435,"(np.float64(0.332785389509024), np.float64(0.6727323742975279))",DPO_dataset/Img_A/A_435.png,DPO_dataset/Img_B/B_435.png,DPO_dataset/Img_true/Real_435.png,DPO_dataset/Img_baseline/Baseline_435.png,DPO_dataset/Img_B/B_435.png,DPO_dataset/Img_B/B_435.png
436,"(np.float64(0.17878633678202024), np.float64(0.771792091954428))",DPO_dataset/Img_A/A_436.png,DPO_dataset/Img_B/B_436.png,DPO_dataset/Img_true/Real_436.png,DPO_dataset/Img_baseline/Baseline_436.png,,
437,"(np.float64(0.3794313099083442), np.float64(0.8263860179848299))",DPO_dataset/Img_A/A_437.png,DPO_dataset/Img_B/B_437.png,DPO_dataset/Img_true/Real_437.png,DPO_dataset/Img_baseline/Baseline_437.png,,
438,"(np.float64(0.25539853011705205), np.float64(0.7776121694629932))",DPO_dataset/Img_A/A_438.png,DPO_dataset/Img_B/B_438.png,DPO_dataset/Img_true/Real_438.png,DPO_dataset/Img_baseline/Baseline_438.png,DPO_dataset/Img_A/A_438.png,None
439,"(np.float64(0.3605477477395231), np.float64(0.7625362619783513))",DPO_dataset/Img_A/A_439.png,DPO_dataset/Img_B/B_439.png,DPO_dataset/Img_true/Real_439.png,DPO_dataset/Img_baseline/Baseline_439.png,,
440,"(np.float64(0.2701449599460177), np.float64(0.7411879677323124))",DPO_dataset/Img_A/A_440.png,DPO_dataset/Img_B/B_440.png,DPO_dataset/Img_true/Real_440.png,DPO_dataset/Img_baseline/Baseline_440.png,,
441,"(np.float64(0.20066963038970956), np.float64(0.8393806763440412))",DPO_dataset/Img_A/A_441.png,DPO_dataset/Img_B/B_441.png,DPO_dataset/Img_true/Real_441.png,DPO_dataset/Img_baseline/Baseline_441.png,,
442,"(np.float64(0.35555778772007085), np.float64(0.8385834578612278))",DPO_dataset/Img_A/A_442.png,DPO_dataset/Img_B/B_442.png,DPO_dataset/Img_true/Real_442.png,DPO_dataset/Img_baseline/Baseline_442.png,,
443,"(np.float64(0.06095923859113463), np.float64(0.9152594591745279))",DPO_dataset/Img_A/A_443.png,DPO_dataset/Img_B/B_443.png,DPO_dataset/Img_true/Real_443.png,DPO_dataset/Img_baseline/Baseline_443.png,,
444,"(np.float64(0.16095513317074328), np.float64(0.7871280172774043))",DPO_dataset/Img_A/A_444.png,DPO_dataset/Img_B/B_444.png,DPO_dataset/Img_true/Real_444.png,DPO_dataset/Img_baseline/Baseline_444.png,,
445,"(np.float64(0.24372081539653467), np.float64(0.7498517399010216))",DPO_dataset/Img_A/A_445.png,DPO_dataset/Img_B/B_445.png,DPO_dataset/Img_true/Real_445.png,DPO_dataset/Img_baseline/Baseline_445.png,,
446,"(np.float64(0.3626435999819475), np.float64(1.0))",DPO_dataset/Img_A/A_446.png,DPO_dataset/Img_B/B_446.png,DPO_dataset/Img_true/Real_446.png,DPO_dataset/Img_baseline/Baseline_446.png,DPO_dataset/Img_B/B_446.png,DPO_dataset/Img_B/B_446.png
447,"(np.float64(0.021614975384904974), np.float64(0.807844104897161))",DPO_dataset/Img_A/A_447.png,DPO_dataset/Img_B/B_447.png,DPO_dataset/Img_true/Real_447.png,DPO_dataset/Img_baseline/Baseline_447.png,,
448,"(np.float64(0.3706981976789288), np.float64(0.9089036523784663))",DPO_dataset/Img_A/A_448.png,DPO_dataset/Img_B/B_448.png,DPO_dataset/Img_true/Real_448.png,DPO_dataset/Img_baseline/Baseline_448.png,DPO_dataset/Img_B/B_448.png,DPO_dataset/Img_A/A_448.png
449,"(np.float64(0.2478165938272425), np.float64(0.8247320864317238))",DPO_dataset/Img_A/A_449.png,DPO_dataset/Img_B/B_449.png,DPO_dataset/Img_true/Real_449.png,DPO_dataset/Img_baseline/Baseline_449.png,DPO_dataset/Img_B/B_449.png,DPO_dataset/Img_A/A_449.png
450,"(np.float64(0.2317639412437219), np.float64(0.7138087934837335))",DPO_dataset/Img_A/A_450.png,DPO_dataset/Img_B/B_450.png,DPO_dataset/Img_true/Real_450.png,DPO_dataset/Img_baseline/Baseline_450.png,,
451,"(np.float64(0.13301618902414514), np.float64(0.8430610584600469))",DPO_dataset/Img_A/A_451.png,DPO_dataset/Img_B/B_451.png,DPO_dataset/Img_true/Real_451.png,DPO_dataset/Img_baseline/Baseline_451.png,,
452,"(np.float64(0.23334943234850594), np.float64(0.6904004910699987))",DPO_dataset/Img_A/A_452.png,DPO_dataset/Img_B/B_452.png,DPO_dataset/Img_true/Real_452.png,DPO_dataset/Img_baseline/Baseline_452.png,,
453,"(np.float64(0.3575035980935567), np.float64(0.8795564971414875))",DPO_dataset/Img_A/A_453.png,DPO_dataset/Img_B/B_453.png,DPO_dataset/Img_true/Real_453.png,DPO_dataset/Img_baseline/Baseline_453.png,,
454,"(np.float64(0.2498973261901831), np.float64(0.7728603767909112))",DPO_dataset/Img_A/A_454.png,DPO_dataset/Img_B/B_454.png,DPO_dataset/Img_true/Real_454.png,DPO_dataset/Img_baseline/Baseline_454.png,DPO_dataset/Img_A/A_454.png,None
455,"(np.float64(0.3058052005404903), np.float64(0.71334743994969))",DPO_dataset/Img_A/A_455.png,DPO_dataset/Img_B/B_455.png,DPO_dataset/Img_true/Real_455.png,DPO_dataset/Img_baseline/Baseline_455.png,DPO_dataset/Img_A/A_455.png,DPO_dataset/Img_A/A_455.png
456,"(np.float64(0.25403220882723593), np.float64(0.6341544905790094))",DPO_dataset/Img_A/A_456.png,DPO_dataset/Img_B/B_456.png,DPO_dataset/Img_true/Real_456.png,DPO_dataset/Img_baseline/Baseline_456.png,,
457,"(np.float64(0.3400830801118452), np.float64(0.6995431359817461))",DPO_dataset/Img_A/A_457.png,DPO_dataset/Img_B/B_457.png,DPO_dataset/Img_true/Real_457.png,DPO_dataset/Img_baseline/Baseline_457.png,,
458,"(np.float64(0.2658909503549582), np.float64(0.7006620278770933))",DPO_dataset/Img_A/A_458.png,DPO_dataset/Img_B/B_458.png,DPO_dataset/Img_true/Real_458.png,DPO_dataset/Img_baseline/Baseline_458.png,,
459,"(np.float64(0.3268003821830222), np.float64(0.7808727172199749))",DPO_dataset/Img_A/A_459.png,DPO_dataset/Img_B/B_459.png,DPO_dataset/Img_true/Real_459.png,DPO_dataset/Img_baseline/Baseline_459.png,,
460,"(np.float64(0.3930305377186933), np.float64(0.8112648988093943))",DPO_dataset/Img_A/A_460.png,DPO_dataset/Img_B/B_460.png,DPO_dataset/Img_true/Real_460.png,DPO_dataset/Img_baseline/Baseline_460.png,,
461,"(np.float64(0.2565287377191235), np.float64(0.8024417609583576))",DPO_dataset/Img_A/A_461.png,DPO_dataset/Img_B/B_461.png,DPO_dataset/Img_true/Real_461.png,DPO_dataset/Img_baseline/Baseline_461.png,DPO_dataset/Img_B/B_461.png,DPO_dataset/Img_A/A_461.png
462,"(np.float64(0.19341797579307785), np.float64(0.7775333333617409))",DPO_dataset/Img_A/A_462.png,DPO_dataset/Img_B/B_462.png,DPO_dataset/Img_true/Real_462.png,DPO_dataset/Img_baseline/Baseline_462.png,,
463,"(np.float64(0.34830966668886515), np.float64(0.8763807035224734))",DPO_dataset/Img_A/A_463.png,DPO_dataset/Img_B/B_463.png,DPO_dataset/Img_true/Real_463.png,DPO_dataset/Img_baseline/Baseline_463.png,,
464,"(np.float64(0.3819102705107187), np.float64(0.7116678394008512))",DPO_dataset/Img_A/A_464.png,DPO_dataset/Img_B/B_464.png,DPO_dataset/Img_true/Real_464.png,DPO_dataset/Img_baseline/Baseline_464.png,,
465,"(np.float64(0.2202400128879755), np.float64(0.7171743771214866))",DPO_dataset/Img_A/A_465.png,DPO_dataset/Img_B/B_465.png,DPO_dataset/Img_true/Real_465.png,DPO_dataset/Img_baseline/Baseline_465.png,,
466,"(np.float64(0.3421655101840033), np.float64(0.6384467944556884))",DPO_dataset/Img_A/A_466.png,DPO_dataset/Img_B/B_466.png,DPO_dataset/Img_true/Real_466.png,DPO_dataset/Img_baseline/Baseline_466.png,,
467,"(np.float64(0.32311649042948204), np.float64(0.7031018218538968))",DPO_dataset/Img_A/A_467.png,DPO_dataset/Img_B/B_467.png,DPO_dataset/Img_true/Real_467.png,DPO_dataset/Img_baseline/Baseline_467.png,DPO_dataset/Img_A/A_467.png,None
468,"(np.float64(0.3479415722075082), np.float64(0.8493181523884332))",DPO_dataset/Img_A/A_468.png,DPO_dataset/Img_B/B_468.png,DPO_dataset/Img_true/Real_468.png,DPO_dataset/Img_baseline/Baseline_468.png,DPO_dataset/Img_B/B_468.png,DPO_dataset/Img_A/A_468.png
469,"(np.float64(0.3371000770117881), np.float64(0.8259971415207888))",DPO_dataset/Img_A/A_469.png,DPO_dataset/Img_B/B_469.png,DPO_dataset/Img_true/Real_469.png,DPO_dataset/Img_baseline/Baseline_469.png,,
470,"(np.float64(0.20078182279137985), np.float64(0.5574251344789075))",DPO_dataset/Img_A/A_470.png,DPO_dataset/Img_B/B_470.png,DPO_dataset/Img_true/Real_470.png,DPO_dataset/Img_baseline/Baseline_470.png,DPO_dataset/Img_B/B_470.png,DPO_dataset/Img_A/A_470.png
471,"(np.float64(0.11988659918102669), np.float64(0.7894532063611924))",DPO_dataset/Img_A/A_471.png,DPO_dataset/Img_B/B_471.png,DPO_dataset/Img_true/Real_471.png,DPO_dataset/Img_baseline/Baseline_471.png,DPO_dataset/Img_A/A_471.png,DPO_dataset/Img_B/B_471.png
472,"(np.float64(0.4773339211259421), np.float64(0.9929629418538144))",DPO_dataset/Img_A/A_472.png,DPO_dataset/Img_B/B_472.png,DPO_dataset/Img_true/Real_472.png,DPO_dataset/Img_baseline/Baseline_472.png,,
473,"(np.float64(0.3099915037311698), np.float64(0.8824711730171119))",DPO_dataset/Img_A/A_473.png,DPO_dataset/Img_B/B_473.png,DPO_dataset/Img_true/Real_473.png,DPO_dataset/Img_baseline/Baseline_473.png,,
474,"(np.float64(0.4354488878794003), np.float64(0.8522864105813691))",DPO_dataset/Img_A/A_474.png,DPO_dataset/Img_B/B_474.png,DPO_dataset/Img_true/Real_474.png,DPO_dataset/Img_baseline/Baseline_474.png,,
475,"(np.float64(0.41740631353136687), np.float64(0.9281367705467692))",DPO_dataset/Img_A/A_475.png,DPO_dataset/Img_B/B_475.png,DPO_dataset/Img_true/Real_475.png,DPO_dataset/Img_baseline/Baseline_475.png,,
476,"(np.float64(0.15317050657344963), np.float64(0.9382777211192879))",DPO_dataset/Img_A/A_476.png,DPO_dataset/Img_B/B_476.png,DPO_dataset/Img_true/Real_476.png,DPO_dataset/Img_baseline/Baseline_476.png,DPO_dataset/Img_B/B_476.png,DPO_dataset/Img_B/B_476.png
477,"(np.float64(0.28108853824908947), np.float64(1.0))",DPO_dataset/Img_A/A_477.png,DPO_dataset/Img_B/B_477.png,DPO_dataset/Img_true/Real_477.png,DPO_dataset/Img_baseline/Baseline_477.png,,
478,"(np.float64(0.10209742968551334), np.float64(0.7005936210009409))",DPO_dataset/Img_A/A_478.png,DPO_dataset/Img_B/B_478.png,DPO_dataset/Img_true/Real_478.png,DPO_dataset/Img_baseline/Baseline_478.png,,
479,"(np.float64(0.29470440198453757), np.float64(0.545197910544759))",DPO_dataset/Img_A/A_479.png,DPO_dataset/Img_B/B_479.png,DPO_dataset/Img_true/Real_479.png,DPO_dataset/Img_baseline/Baseline_479.png,,
480,"(np.float64(0.23559411616436057), np.float64(0.7058054208488806))",DPO_dataset/Img_A/A_480.png,DPO_dataset/Img_B/B_480.png,DPO_dataset/Img_true/Real_480.png,DPO_dataset/Img_baseline/Baseline_480.png,DPO_dataset/Img_A/A_480.png,DPO_dataset/Img_B/B_480.png
481,"(np.float64(0.22971143814272846), np.float64(0.8485746004684253))",DPO_dataset/Img_A/A_481.png,DPO_dataset/Img_B/B_481.png,DPO_dataset/Img_true/Real_481.png,DPO_dataset/Img_baseline/Baseline_481.png,,
482,"(np.float64(0.26993595426881806), np.float64(0.8209142522454684))",DPO_dataset/Img_A/A_482.png,DPO_dataset/Img_B/B_482.png,DPO_dataset/Img_true/Real_482.png,DPO_dataset/Img_baseline/Baseline_482.png,,
483,"(np.float64(0.5150208863995563), np.float64(0.9807092834038578))",DPO_dataset/Img_A/A_483.png,DPO_dataset/Img_B/B_483.png,DPO_dataset/Img_true/Real_483.png,DPO_dataset/Img_baseline/Baseline_483.png,,
484,"(np.float64(0.3099017018808921), np.float64(0.7078767043848749))",DPO_dataset/Img_A/A_484.png,DPO_dataset/Img_B/B_484.png,DPO_dataset/Img_true/Real_484.png,DPO_dataset/Img_baseline/Baseline_484.png,DPO_dataset/Img_B/B_484.png,DPO_dataset/Img_B/B_484.png
485,"(np.float64(0.3964885740975073), np.float64(0.920615365464589))",DPO_dataset/Img_A/A_485.png,DPO_dataset/Img_B/B_485.png,DPO_dataset/Img_true/Real_485.png,DPO_dataset/Img_baseline/Baseline_485.png,,
486,"(np.float64(0.28941971815210876), np.float64(0.529875319452473))",DPO_dataset/Img_A/A_486.png,DPO_dataset/Img_B/B_486.png,DPO_dataset/Img_true/Real_486.png,DPO_dataset/Img_baseline/Baseline_486.png,,
487,"(np.float64(0.3531725365610994), np.float64(0.7302953527122769))",DPO_dataset/Img_A/A_487.png,DPO_dataset/Img_B/B_487.png,DPO_dataset/Img_true/Real_487.png,DPO_dataset/Img_baseline/Baseline_487.png,DPO_dataset/Img_B/B_487.png,DPO_dataset/Img_B/B_487.png
488,"(np.float64(0.15461317243112555), np.float64(0.8739099403688002))",DPO_dataset/Img_A/A_488.png,DPO_dataset/Img_B/B_488.png,DPO_dataset/Img_true/Real_488.png,DPO_dataset/Img_baseline/Baseline_488.png,DPO_dataset/Img_A/A_488.png,DPO_dataset/Img_A/A_488.png
489,"(np.float64(0.18650002996082932), np.float64(0.8806044476778405))",DPO_dataset/Img_A/A_489.png,DPO_dataset/Img_B/B_489.png,DPO_dataset/Img_true/Real_489.png,DPO_dataset/Img_baseline/Baseline_489.png,,
490,"(np.float64(0.22761730076787257), np.float64(0.656870478047908))",DPO_dataset/Img_A/A_490.png,DPO_dataset/Img_B/B_490.png,DPO_dataset/Img_true/Real_490.png,DPO_dataset/Img_baseline/Baseline_490.png,DPO_dataset/Img_A/A_490.png,DPO_dataset/Img_A/A_490.png
491,"(np.float64(0.26500780704425153), np.float64(0.7359441388194462))",DPO_dataset/Img_A/A_491.png,DPO_dataset/Img_B/B_491.png,DPO_dataset/Img_true/Real_491.png,DPO_dataset/Img_baseline/Baseline_491.png,,
492,"(np.float64(0.12462218842746209), np.float64(0.711669016807596))",DPO_dataset/Img_A/A_492.png,DPO_dataset/Img_B/B_492.png,DPO_dataset/Img_true/Real_492.png,DPO_dataset/Img_baseline/Baseline_492.png,DPO_dataset/Img_A/A_492.png,DPO_dataset/Img_B/B_492.png
493,"(np.float64(0.3648582229218911), np.float64(0.8554054339102055))",DPO_dataset/Img_A/A_493.png,DPO_dataset/Img_B/B_493.png,DPO_dataset/Img_true/Real_493.png,DPO_dataset/Img_baseline/Baseline_493.png,,
494,"(np.float64(0.39698955747423037), np.float64(0.7005251204475947))",DPO_dataset/Img_A/A_494.png,DPO_dataset/Img_B/B_494.png,DPO_dataset/Img_true/Real_494.png,DPO_dataset/Img_baseline/Baseline_494.png,,
495,"(np.float64(0.3020265815141325), np.float64(0.6759562773791766))",DPO_dataset/Img_A/A_495.png,DPO_dataset/Img_B/B_495.png,DPO_dataset/Img_true/Real_495.png,DPO_dataset/Img_baseline/Baseline_495.png,DPO_dataset/Img_B/B_495.png,DPO_dataset/Img_A/A_495.png
496,"(np.float64(0.2893699397090857), np.float64(0.8842946284071681))",DPO_dataset/Img_A/A_496.png,DPO_dataset/Img_B/B_496.png,DPO_dataset/Img_true/Real_496.png,DPO_dataset/Img_baseline/Baseline_496.png,DPO_dataset/Img_B/B_496.png,DPO_dataset/Img_B/B_496.png
497,"(np.float64(0.3520132265595636), np.float64(0.6840538892307809))",DPO_dataset/Img_A/A_497.png,DPO_dataset/Img_B/B_497.png,DPO_dataset/Img_true/Real_497.png,DPO_dataset/Img_baseline/Baseline_497.png,,
498,"(np.float64(0.22722797989123975), np.float64(0.6972094164506043))",DPO_dataset/Img_A/A_498.png,DPO_dataset/Img_B/B_498.png,DPO_dataset/Img_true/Real_498.png,DPO_dataset/Img_baseline/Baseline_498.png,,
499,"(np.float64(0.364958007690181), np.float64(0.8893505024253825))",DPO_dataset/Img_A/A_499.png,DPO_dataset/Img_B/B_499.png,DPO_dataset/Img_true/Real_499.png,DPO_dataset/Img_baseline/Baseline_499.png,DPO_dataset/Img_A/A_499.png,DPO_dataset/Img_A/A_499.png
500,"(np.float64(0.14971940840281792), np.float64(0.7379924771410804))",DPO_dataset/Img_A/A_500.png,DPO_dataset/Img_B/B_500.png,DPO_dataset/Img_true/Real_500.png,DPO_dataset/Img_baseline/Baseline_500.png,,
501,"(np.float64(0.26191982134612), np.float64(0.927209452600985))",DPO_dataset/Img_A/A_501.png,DPO_dataset/Img_B/B_501.png,DPO_dataset/Img_true/Real_501.png,DPO_dataset/Img_baseline/Baseline_501.png,,
502,"(np.float64(0.2916381546784791), np.float64(0.833950015461042))",DPO_dataset/Img_A/A_502.png,DPO_dataset/Img_B/B_502.png,DPO_dataset/Img_true/Real_502.png,DPO_dataset/Img_baseline/Baseline_502.png,DPO_dataset/Img_B/B_502.png,DPO_dataset/Img_A/A_502.png
503,"(np.float64(0.17826159109956372), np.float64(0.8391641769116339))",DPO_dataset/Img_A/A_503.png,DPO_dataset/Img_B/B_503.png,DPO_dataset/Img_true/Real_503.png,DPO_dataset/Img_baseline/Baseline_503.png,DPO_dataset/Img_B/B_503.png,DPO_dataset/Img_B/B_503.png
504,"(np.float64(0.30891298759741187), np.float64(0.8952861192939344))",DPO_dataset/Img_A/A_504.png,DPO_dataset/Img_B/B_504.png,DPO_dataset/Img_true/Real_504.png,DPO_dataset/Img_baseline/Baseline_504.png,DPO_dataset/Img_B/B_504.png,DPO_dataset/Img_B/B_504.png
505,"(np.float64(0.4894412111027687), np.float64(0.7583430492374762))",DPO_dataset/Img_A/A_505.png,DPO_dataset/Img_B/B_505.png,DPO_dataset/Img_true/Real_505.png,DPO_dataset/Img_baseline/Baseline_505.png,DPO_dataset/Img_A/A_505.png,DPO_dataset/Img_A/A_505.png
506,"(np.float64(0.40883977985075637), np.float64(0.9618340911976041))",DPO_dataset/Img_A/A_506.png,DPO_dataset/Img_B/B_506.png,DPO_dataset/Img_true/Real_506.png,DPO_dataset/Img_baseline/Baseline_506.png,DPO_dataset/Img_A/A_506.png,DPO_dataset/Img_A/A_506.png
507,"(np.float64(0.3430506042797616), np.float64(0.8541945505606654))",DPO_dataset/Img_A/A_507.png,DPO_dataset/Img_B/B_507.png,DPO_dataset/Img_true/Real_507.png,DPO_dataset/Img_baseline/Baseline_507.png,,
508,"(np.float64(0.16152190992326798), np.float64(0.8070130551905675))",DPO_dataset/Img_A/A_508.png,DPO_dataset/Img_B/B_508.png,DPO_dataset/Img_true/Real_508.png,DPO_dataset/Img_baseline/Baseline_508.png,,
509,"(np.float64(0.1359058751740232), np.float64(0.8369051624896812))",DPO_dataset/Img_A/A_509.png,DPO_dataset/Img_B/B_509.png,DPO_dataset/Img_true/Real_509.png,DPO_dataset/Img_baseline/Baseline_509.png,DPO_dataset/Img_A/A_509.png,None
510,"(np.float64(0.4376300864055148), np.float64(0.684791927539626))",DPO_dataset/Img_A/A_510.png,DPO_dataset/Img_B/B_510.png,DPO_dataset/Img_true/Real_510.png,DPO_dataset/Img_baseline/Baseline_510.png,,
511,"(np.float64(0.33516020572172667), np.float64(0.8435911890775317))",DPO_dataset/Img_A/A_511.png,DPO_dataset/Img_B/B_511.png,DPO_dataset/Img_true/Real_511.png,DPO_dataset/Img_baseline/Baseline_511.png,DPO_dataset/Img_B/B_511.png,DPO_dataset/Img_A/A_511.png
512,"(np.float64(0.2753239367418952), np.float64(0.712490723779579))",DPO_dataset/Img_A/A_512.png,DPO_dataset/Img_B/B_512.png,DPO_dataset/Img_true/Real_512.png,DPO_dataset/Img_baseline/Baseline_512.png,DPO_dataset/Img_B/B_512.png,DPO_dataset/Img_B/B_512.png
513,"(np.float64(0.21990285053137115), np.float64(0.7994575523102657))",DPO_dataset/Img_A/A_513.png,DPO_dataset/Img_B/B_513.png,DPO_dataset/Img_true/Real_513.png,DPO_dataset/Img_baseline/Baseline_513.png,,
514,"(np.float64(0.2509107105587173), np.float64(0.7995756442588473))",DPO_dataset/Img_A/A_514.png,DPO_dataset/Img_B/B_514.png,DPO_dataset/Img_true/Real_514.png,DPO_dataset/Img_baseline/Baseline_514.png,,
515,"(np.float64(0.43217119028138895), np.float64(0.9576236205787355))",DPO_dataset/Img_A/A_515.png,DPO_dataset/Img_B/B_515.png,DPO_dataset/Img_true/Real_515.png,DPO_dataset/Img_baseline/Baseline_515.png,,
516,"(np.float64(0.35937851762910167), np.float64(0.722659556598626))",DPO_dataset/Img_A/A_516.png,DPO_dataset/Img_B/B_516.png,DPO_dataset/Img_true/Real_516.png,DPO_dataset/Img_baseline/Baseline_516.png,,
517,"(np.float64(0.3262032221545758), np.float64(0.6587635914087947))",DPO_dataset/Img_A/A_517.png,DPO_dataset/Img_B/B_517.png,DPO_dataset/Img_true/Real_517.png,DPO_dataset/Img_baseline/Baseline_517.png,,
518,"(np.float64(0.28618624305200396), np.float64(0.8783550287251226))",DPO_dataset/Img_A/A_518.png,DPO_dataset/Img_B/B_518.png,DPO_dataset/Img_true/Real_518.png,DPO_dataset/Img_baseline/Baseline_518.png,,
519,"(np.float64(0.41634112609836804), np.float64(0.6749616730926704))",DPO_dataset/Img_A/A_519.png,DPO_dataset/Img_B/B_519.png,DPO_dataset/Img_true/Real_519.png,DPO_dataset/Img_baseline/Baseline_519.png,DPO_dataset/Img_B/B_519.png,DPO_dataset/Img_B/B_519.png
520,"(np.float64(0.37941901915600373), np.float64(0.7529932873331175))",DPO_dataset/Img_A/A_520.png,DPO_dataset/Img_B/B_520.png,DPO_dataset/Img_true/Real_520.png,DPO_dataset/Img_baseline/Baseline_520.png,DPO_dataset/Img_B/B_520.png,DPO_dataset/Img_B/B_520.png
521,"(np.float64(0.3504667987536075), np.float64(0.8140795528067314))",DPO_dataset/Img_A/A_521.png,DPO_dataset/Img_B/B_521.png,DPO_dataset/Img_true/Real_521.png,DPO_dataset/Img_baseline/Baseline_521.png,,
522,"(np.float64(0.20230337248523753), np.float64(0.7637741358713406))",DPO_dataset/Img_A/A_522.png,DPO_dataset/Img_B/B_522.png,DPO_dataset/Img_true/Real_522.png,DPO_dataset/Img_baseline/Baseline_522.png,,
523,"(np.float64(0.46857050603892475), np.float64(0.9614959536633224))",DPO_dataset/Img_A/A_523.png,DPO_dataset/Img_B/B_523.png,DPO_dataset/Img_true/Real_523.png,DPO_dataset/Img_baseline/Baseline_523.png,,
524,"(np.float64(0.3394759841488827), np.float64(0.7208803599543648))",DPO_dataset/Img_A/A_524.png,DPO_dataset/Img_B/B_524.png,DPO_dataset/Img_true/Real_524.png,DPO_dataset/Img_baseline/Baseline_524.png,,
525,"(np.float64(0.3635714248848288), np.float64(0.9053203856496099))",DPO_dataset/Img_A/A_525.png,DPO_dataset/Img_B/B_525.png,DPO_dataset/Img_true/Real_525.png,DPO_dataset/Img_baseline/Baseline_525.png,DPO_dataset/Img_A/A_525.png,DPO_dataset/Img_A/A_525.png
526,"(np.float64(0.32373936311461177), np.float64(0.6565390042051794))",DPO_dataset/Img_A/A_526.png,DPO_dataset/Img_B/B_526.png,DPO_dataset/Img_true/Real_526.png,DPO_dataset/Img_baseline/Baseline_526.png,,
527,"(np.float64(0.3546170798688678), np.float64(0.7824418132286036))",DPO_dataset/Img_A/A_527.png,DPO_dataset/Img_B/B_527.png,DPO_dataset/Img_true/Real_527.png,DPO_dataset/Img_baseline/Baseline_527.png,,
528,"(np.float64(0.33767265944949026), np.float64(0.8359858868532811))",DPO_dataset/Img_A/A_528.png,DPO_dataset/Img_B/B_528.png,DPO_dataset/Img_true/Real_528.png,DPO_dataset/Img_baseline/Baseline_528.png,DPO_dataset/Img_B/B_528.png,None
529,"(np.float64(0.16938023774001223), np.float64(0.85765730269842))",DPO_dataset/Img_A/A_529.png,DPO_dataset/Img_B/B_529.png,DPO_dataset/Img_true/Real_529.png,DPO_dataset/Img_baseline/Baseline_529.png,,
530,"(np.float64(0.2422811228924199), np.float64(0.7374852734932122))",DPO_dataset/Img_A/A_530.png,DPO_dataset/Img_B/B_530.png,DPO_dataset/Img_true/Real_530.png,DPO_dataset/Img_baseline/Baseline_530.png,,
531,"(np.float64(0.23453447379119605), np.float64(0.7773787931395679))",DPO_dataset/Img_A/A_531.png,DPO_dataset/Img_B/B_531.png,DPO_dataset/Img_true/Real_531.png,DPO_dataset/Img_baseline/Baseline_531.png,DPO_dataset/Img_A/A_531.png,DPO_dataset/Img_A/A_531.png
532,"(np.float64(0.287440497250925), np.float64(0.7249704313155371))",DPO_dataset/Img_A/A_532.png,DPO_dataset/Img_B/B_532.png,DPO_dataset/Img_true/Real_532.png,DPO_dataset/Img_baseline/Baseline_532.png,,
533,"(np.float64(0.37798137484354805), np.float64(0.7024812048965094))",DPO_dataset/Img_A/A_533.png,DPO_dataset/Img_B/B_533.png,DPO_dataset/Img_true/Real_533.png,DPO_dataset/Img_baseline/Baseline_533.png,DPO_dataset/Img_B/B_533.png,DPO_dataset/Img_B/B_533.png
534,"(np.float64(0.435253294858183), np.float64(0.8041601099071068))",DPO_dataset/Img_A/A_534.png,DPO_dataset/Img_B/B_534.png,DPO_dataset/Img_true/Real_534.png,DPO_dataset/Img_baseline/Baseline_534.png,DPO_dataset/Img_A/A_534.png,DPO_dataset/Img_A/A_534.png
535,"(np.float64(0.3256990113444058), np.float64(0.9584487604925193))",DPO_dataset/Img_A/A_535.png,DPO_dataset/Img_B/B_535.png,DPO_dataset/Img_true/Real_535.png,DPO_dataset/Img_baseline/Baseline_535.png,,
536,"(np.float64(0.23885625251236625), np.float64(0.840561868580917))",DPO_dataset/Img_A/A_536.png,DPO_dataset/Img_B/B_536.png,DPO_dataset/Img_true/Real_536.png,DPO_dataset/Img_baseline/Baseline_536.png,DPO_dataset/Img_B/B_536.png,DPO_dataset/Img_B/B_536.png
537,"(np.float64(0.12943402055245393), np.float64(0.6560163282192739))",DPO_dataset/Img_A/A_537.png,DPO_dataset/Img_B/B_537.png,DPO_dataset/Img_true/Real_537.png,DPO_dataset/Img_baseline/Baseline_537.png,,
538,"(np.float64(0.13088638508841022), np.float64(0.8992818653618742))",DPO_dataset/Img_A/A_538.png,DPO_dataset/Img_B/B_538.png,DPO_dataset/Img_true/Real_538.png,DPO_dataset/Img_baseline/Baseline_538.png,,
539,"(np.float64(0.3560287348290472), np.float64(0.7454611971402885))",DPO_dataset/Img_A/A_539.png,DPO_dataset/Img_B/B_539.png,DPO_dataset/Img_true/Real_539.png,DPO_dataset/Img_baseline/Baseline_539.png,,
540,"(np.float64(0.25677538351709395), np.float64(0.8815539217365645))",DPO_dataset/Img_A/A_540.png,DPO_dataset/Img_B/B_540.png,DPO_dataset/Img_true/Real_540.png,DPO_dataset/Img_baseline/Baseline_540.png,DPO_dataset/Img_A/A_540.png,DPO_dataset/Img_B/B_540.png
541,"(np.float64(0.4413362655946813), np.float64(0.8744522655497233))",DPO_dataset/Img_A/A_541.png,DPO_dataset/Img_B/B_541.png,DPO_dataset/Img_true/Real_541.png,DPO_dataset/Img_baseline/Baseline_541.png,,
542,"(np.float64(0.4257449078895418), np.float64(0.8071744137313881))",DPO_dataset/Img_A/A_542.png,DPO_dataset/Img_B/B_542.png,DPO_dataset/Img_true/Real_542.png,DPO_dataset/Img_baseline/Baseline_542.png,DPO_dataset/Img_A/A_542.png,DPO_dataset/Img_B/B_542.png
543,"(np.float64(0.24087902508823397), np.float64(0.902344569301051))",DPO_dataset/Img_A/A_543.png,DPO_dataset/Img_B/B_543.png,DPO_dataset/Img_true/Real_543.png,DPO_dataset/Img_baseline/Baseline_543.png,,
544,"(np.float64(0.27752452913750103), np.float64(0.6791371924660954))",DPO_dataset/Img_A/A_544.png,DPO_dataset/Img_B/B_544.png,DPO_dataset/Img_true/Real_544.png,DPO_dataset/Img_baseline/Baseline_544.png,,
545,"(np.float64(0.1566272164671316), np.float64(0.9183362147102271))",DPO_dataset/Img_A/A_545.png,DPO_dataset/Img_B/B_545.png,DPO_dataset/Img_true/Real_545.png,DPO_dataset/Img_baseline/Baseline_545.png,DPO_dataset/Img_B/B_545.png,DPO_dataset/Img_A/A_545.png
546,"(np.float64(0.33658656370726847), np.float64(0.7530821899977749))",DPO_dataset/Img_A/A_546.png,DPO_dataset/Img_B/B_546.png,DPO_dataset/Img_true/Real_546.png,DPO_dataset/Img_baseline/Baseline_546.png,,
547,"(np.float64(0.25319441555447375), np.float64(0.7780010609265757))",DPO_dataset/Img_A/A_547.png,DPO_dataset/Img_B/B_547.png,DPO_dataset/Img_true/Real_547.png,DPO_dataset/Img_baseline/Baseline_547.png,DPO_dataset/Img_A/A_547.png,DPO_dataset/Img_A/A_547.png
548,"(np.float64(0.3125235059894974), np.float64(0.827937394295456))",DPO_dataset/Img_A/A_548.png,DPO_dataset/Img_B/B_548.png,DPO_dataset/Img_true/Real_548.png,DPO_dataset/Img_baseline/Baseline_548.png,,
549,"(np.float64(0.31458239862967347), np.float64(0.8814244553244917))",DPO_dataset/Img_A/A_549.png,DPO_dataset/Img_B/B_549.png,DPO_dataset/Img_true/Real_549.png,DPO_dataset/Img_baseline/Baseline_549.png,DPO_dataset/Img_B/B_549.png,DPO_dataset/Img_A/A_549.png
550,"(np.float64(0.22071025943174089), np.float64(0.8219895059487827))",DPO_dataset/Img_A/A_550.png,DPO_dataset/Img_B/B_550.png,DPO_dataset/Img_true/Real_550.png,DPO_dataset/Img_baseline/Baseline_550.png,,
551,"(np.float64(0.20094958598278614), np.float64(0.7478918092065227))",DPO_dataset/Img_A/A_551.png,DPO_dataset/Img_B/B_551.png,DPO_dataset/Img_true/Real_551.png,DPO_dataset/Img_baseline/Baseline_551.png,,
552,"(np.float64(0.4302983526005575), np.float64(0.7906537924361842))",DPO_dataset/Img_A/A_552.png,DPO_dataset/Img_B/B_552.png,DPO_dataset/Img_true/Real_552.png,DPO_dataset/Img_baseline/Baseline_552.png,DPO_dataset/Img_A/A_552.png,DPO_dataset/Img_A/A_552.png
553,"(np.float64(0.24840489015158554), np.float64(0.6910588949100223))",DPO_dataset/Img_A/A_553.png,DPO_dataset/Img_B/B_553.png,DPO_dataset/Img_true/Real_553.png,DPO_dataset/Img_baseline/Baseline_553.png,,
554,"(np.float64(0.21023875165462044), np.float64(0.7569628432881196))",DPO_dataset/Img_A/A_554.png,DPO_dataset/Img_B/B_554.png,DPO_dataset/Img_true/Real_554.png,DPO_dataset/Img_baseline/Baseline_554.png,,
555,"(np.float64(0.3826569881555595), np.float64(0.7623395553546405))",DPO_dataset/Img_A/A_555.png,DPO_dataset/Img_B/B_555.png,DPO_dataset/Img_true/Real_555.png,DPO_dataset/Img_baseline/Baseline_555.png,,
556,"(np.float64(0.3066514112349797), np.float64(0.7860006006315449))",DPO_dataset/Img_A/A_556.png,DPO_dataset/Img_B/B_556.png,DPO_dataset/Img_true/Real_556.png,DPO_dataset/Img_baseline/Baseline_556.png,,
557,"(np.float64(0.45996129241560435), np.float64(0.6847028603974289))",DPO_dataset/Img_A/A_557.png,DPO_dataset/Img_B/B_557.png,DPO_dataset/Img_true/Real_557.png,DPO_dataset/Img_baseline/Baseline_557.png,DPO_dataset/Img_B/B_557.png,DPO_dataset/Img_B/B_557.png
558,"(np.float64(0.2916762864987932), np.float64(0.6375322142435396))",DPO_dataset/Img_A/A_558.png,DPO_dataset/Img_B/B_558.png,DPO_dataset/Img_true/Real_558.png,DPO_dataset/Img_baseline/Baseline_558.png,DPO_dataset/Img_B/B_558.png,DPO_dataset/Img_B/B_558.png
559,"(np.float64(0.39100714519639385), np.float64(0.6626743302212068))",DPO_dataset/Img_A/A_559.png,DPO_dataset/Img_B/B_559.png,DPO_dataset/Img_true/Real_559.png,DPO_dataset/Img_baseline/Baseline_559.png,DPO_dataset/Img_B/B_559.png,DPO_dataset/Img_A/A_559.png
560,"(np.float64(0.14054743456462124), np.float64(0.7775893828981448))",DPO_dataset/Img_A/A_560.png,DPO_dataset/Img_B/B_560.png,DPO_dataset/Img_true/Real_560.png,DPO_dataset/Img_baseline/Baseline_560.png,,
561,"(np.float64(0.17159303928047204), np.float64(0.7709361385018433))",DPO_dataset/Img_A/A_561.png,DPO_dataset/Img_B/B_561.png,DPO_dataset/Img_true/Real_561.png,DPO_dataset/Img_baseline/Baseline_561.png,,
562,"(np.float64(0.3482120424890706), np.float64(0.8073858065296671))",DPO_dataset/Img_A/A_562.png,DPO_dataset/Img_B/B_562.png,DPO_dataset/Img_true/Real_562.png,DPO_dataset/Img_baseline/Baseline_562.png,DPO_dataset/Img_B/B_562.png,DPO_dataset/Img_A/A_562.png
563,"(np.float64(0.3288851184996895), np.float64(0.7742265303160442))",DPO_dataset/Img_A/A_563.png,DPO_dataset/Img_B/B_563.png,DPO_dataset/Img_true/Real_563.png,DPO_dataset/Img_baseline/Baseline_563.png,,
564,"(np.float64(0.27684751297604265), np.float64(0.6090297717119746))",DPO_dataset/Img_A/A_564.png,DPO_dataset/Img_B/B_564.png,DPO_dataset/Img_true/Real_564.png,DPO_dataset/Img_baseline/Baseline_564.png,,
565,"(np.float64(0.14759791703551822), np.float64(0.6783003041659323))",DPO_dataset/Img_A/A_565.png,DPO_dataset/Img_B/B_565.png,DPO_dataset/Img_true/Real_565.png,DPO_dataset/Img_baseline/Baseline_565.png,,
566,"(np.float64(0.3108630914209232), np.float64(0.7678079961607052))",DPO_dataset/Img_A/A_566.png,DPO_dataset/Img_B/B_566.png,DPO_dataset/Img_true/Real_566.png,DPO_dataset/Img_baseline/Baseline_566.png,,
567,"(np.float64(0.18518414372508815), np.float64(0.752848907257078))",DPO_dataset/Img_A/A_567.png,DPO_dataset/Img_B/B_567.png,DPO_dataset/Img_true/Real_567.png,DPO_dataset/Img_baseline/Baseline_567.png,,
568,"(np.float64(0.3701122025001825), np.float64(0.5786447504254996))",DPO_dataset/Img_A/A_568.png,DPO_dataset/Img_B/B_568.png,DPO_dataset/Img_true/Real_568.png,DPO_dataset/Img_baseline/Baseline_568.png,,
569,"(np.float64(0.3939123469694524), np.float64(0.801138409301748))",DPO_dataset/Img_A/A_569.png,DPO_dataset/Img_B/B_569.png,DPO_dataset/Img_true/Real_569.png,DPO_dataset/Img_baseline/Baseline_569.png,DPO_dataset/Img_B/B_569.png,DPO_dataset/Img_B/B_569.png
570,"(np.float64(0.2698297496161433), np.float64(0.8426883109249494))",DPO_dataset/Img_A/A_570.png,DPO_dataset/Img_B/B_570.png,DPO_dataset/Img_true/Real_570.png,DPO_dataset/Img_baseline/Baseline_570.png,,
571,"(np.float64(0.40373344138028133), np.float64(0.7314998965105539))",DPO_dataset/Img_A/A_571.png,DPO_dataset/Img_B/B_571.png,DPO_dataset/Img_true/Real_571.png,DPO_dataset/Img_baseline/Baseline_571.png,DPO_dataset/Img_A/A_571.png,DPO_dataset/Img_A/A_571.png
572,"(np.float64(0.3567478126731182), np.float64(0.7694187168168738))",DPO_dataset/Img_A/A_572.png,DPO_dataset/Img_B/B_572.png,DPO_dataset/Img_true/Real_572.png,DPO_dataset/Img_baseline/Baseline_572.png,,
573,"(np.float64(0.344695317094395), np.float64(0.7123509279541816))",DPO_dataset/Img_A/A_573.png,DPO_dataset/Img_B/B_573.png,DPO_dataset/Img_true/Real_573.png,DPO_dataset/Img_baseline/Baseline_573.png,,
574,"(np.float64(0.33810523587256347), np.float64(0.7601454136032769))",DPO_dataset/Img_A/A_574.png,DPO_dataset/Img_B/B_574.png,DPO_dataset/Img_true/Real_574.png,DPO_dataset/Img_baseline/Baseline_574.png,,
575,"(np.float64(0.2721803682115222), np.float64(0.7465574847377838))",DPO_dataset/Img_A/A_575.png,DPO_dataset/Img_B/B_575.png,DPO_dataset/Img_true/Real_575.png,DPO_dataset/Img_baseline/Baseline_575.png,DPO_dataset/Img_B/B_575.png,DPO_dataset/Img_A/A_575.png
576,"(np.float64(0.33469412032537044), np.float64(0.5380255115200028))",DPO_dataset/Img_A/A_576.png,DPO_dataset/Img_B/B_576.png,DPO_dataset/Img_true/Real_576.png,DPO_dataset/Img_baseline/Baseline_576.png,,
577,"(np.float64(0.23596350669484795), np.float64(0.6647099705531846))",DPO_dataset/Img_A/A_577.png,DPO_dataset/Img_B/B_577.png,DPO_dataset/Img_true/Real_577.png,DPO_dataset/Img_baseline/Baseline_577.png,DPO_dataset/Img_A/A_577.png,DPO_dataset/Img_A/A_577.png
578,"(np.float64(0.16631016131901852), np.float64(0.6971163356042617))",DPO_dataset/Img_A/A_578.png,DPO_dataset/Img_B/B_578.png,DPO_dataset/Img_true/Real_578.png,DPO_dataset/Img_baseline/Baseline_578.png,DPO_dataset/Img_A/A_578.png,DPO_dataset/Img_B/B_578.png
579,"(np.float64(0.3657214187657838), np.float64(0.8713297404530475))",DPO_dataset/Img_A/A_579.png,DPO_dataset/Img_B/B_579.png,DPO_dataset/Img_true/Real_579.png,DPO_dataset/Img_baseline/Baseline_579.png,,
580,"(np.float64(0.3906603324246767), np.float64(0.8090080680040079))",DPO_dataset/Img_A/A_580.png,DPO_dataset/Img_B/B_580.png,DPO_dataset/Img_true/Real_580.png,DPO_dataset/Img_baseline/Baseline_580.png,DPO_dataset/Img_A/A_580.png,DPO_dataset/Img_A/A_580.png
581,"(np.float64(0.38280975349613483), np.float64(0.7742572381640432))",DPO_dataset/Img_A/A_581.png,DPO_dataset/Img_B/B_581.png,DPO_dataset/Img_true/Real_581.png,DPO_dataset/Img_baseline/Baseline_581.png,,
582,"(np.float64(0.19922080839245143), np.float64(0.8369085705769994))",DPO_dataset/Img_A/A_582.png,DPO_dataset/Img_B/B_582.png,DPO_dataset/Img_true/Real_582.png,DPO_dataset/Img_baseline/Baseline_582.png,DPO_dataset/Img_B/B_582.png,DPO_dataset/Img_B/B_582.png
583,"(np.float64(0.45201048531270205), np.float64(0.8585910426136313))",DPO_dataset/Img_A/A_583.png,DPO_dataset/Img_B/B_583.png,DPO_dataset/Img_true/Real_583.png,DPO_dataset/Img_baseline/Baseline_583.png,,
584,"(np.float64(0.2281632190267754), np.float64(0.7361130570653958))",DPO_dataset/Img_A/A_584.png,DPO_dataset/Img_B/B_584.png,DPO_dataset/Img_true/Real_584.png,DPO_dataset/Img_baseline/Baseline_584.png,,
585,"(np.float64(0.301786951521497), np.float64(0.8786972694063696))",DPO_dataset/Img_A/A_585.png,DPO_dataset/Img_B/B_585.png,DPO_dataset/Img_true/Real_585.png,DPO_dataset/Img_baseline/Baseline_585.png,,
586,"(np.float64(0.3069691036527449), np.float64(0.8775099580639155))",DPO_dataset/Img_A/A_586.png,DPO_dataset/Img_B/B_586.png,DPO_dataset/Img_true/Real_586.png,DPO_dataset/Img_baseline/Baseline_586.png,DPO_dataset/Img_A/A_586.png,DPO_dataset/Img_B/B_586.png
587,"(np.float64(0.3032772014992089), np.float64(0.932185233921501))",DPO_dataset/Img_A/A_587.png,DPO_dataset/Img_B/B_587.png,DPO_dataset/Img_true/Real_587.png,DPO_dataset/Img_baseline/Baseline_587.png,,
588,"(np.float64(0.3870378389098327), np.float64(0.729506825933284))",DPO_dataset/Img_A/A_588.png,DPO_dataset/Img_B/B_588.png,DPO_dataset/Img_true/Real_588.png,DPO_dataset/Img_baseline/Baseline_588.png,,
589,"(np.float64(0.21551331113955188), np.float64(0.7319467158727073))",DPO_dataset/Img_A/A_589.png,DPO_dataset/Img_B/B_589.png,DPO_dataset/Img_true/Real_589.png,DPO_dataset/Img_baseline/Baseline_589.png,,
590,"(np.float64(0.20736015236960023), np.float64(0.8483246810980757))",DPO_dataset/Img_A/A_590.png,DPO_dataset/Img_B/B_590.png,DPO_dataset/Img_true/Real_590.png,DPO_dataset/Img_baseline/Baseline_590.png,,
591,"(np.float64(0.1941321158890079), np.float64(0.8118488570000169))",DPO_dataset/Img_A/A_591.png,DPO_dataset/Img_B/B_591.png,DPO_dataset/Img_true/Real_591.png,DPO_dataset/Img_baseline/Baseline_591.png,,
592,"(np.float64(0.421971112753233), np.float64(0.9935775874093031))",DPO_dataset/Img_A/A_592.png,DPO_dataset/Img_B/B_592.png,DPO_dataset/Img_true/Real_592.png,DPO_dataset/Img_baseline/Baseline_592.png,,
593,"(np.float64(0.36419448862807124), np.float64(0.8048724331230629))",DPO_dataset/Img_A/A_593.png,DPO_dataset/Img_B/B_593.png,DPO_dataset/Img_true/Real_593.png,DPO_dataset/Img_baseline/Baseline_593.png,,
594,"(np.float64(0.14834706306850054), np.float64(0.655903231470761))",DPO_dataset/Img_A/A_594.png,DPO_dataset/Img_B/B_594.png,DPO_dataset/Img_true/Real_594.png,DPO_dataset/Img_baseline/Baseline_594.png,,
595,"(np.float64(0.16320012882056045), np.float64(0.7813047515969845))",DPO_dataset/Img_A/A_595.png,DPO_dataset/Img_B/B_595.png,DPO_dataset/Img_true/Real_595.png,DPO_dataset/Img_baseline/Baseline_595.png,,
596,"(np.float64(0.292747454090282), np.float64(0.7771252437196622))",DPO_dataset/Img_A/A_596.png,DPO_dataset/Img_B/B_596.png,DPO_dataset/Img_true/Real_596.png,DPO_dataset/Img_baseline/Baseline_596.png,,
597,"(np.float64(0.47259641148122866), np.float64(0.8164375824449082))",DPO_dataset/Img_A/A_597.png,DPO_dataset/Img_B/B_597.png,DPO_dataset/Img_true/Real_597.png,DPO_dataset/Img_baseline/Baseline_597.png,DPO_dataset/Img_A/A_597.png,None
598,"(np.float64(0.39946816303353966), np.float64(0.8396926520770025))",DPO_dataset/Img_A/A_598.png,DPO_dataset/Img_B/B_598.png,DPO_dataset/Img_true/Real_598.png,DPO_dataset/Img_baseline/Baseline_598.png,DPO_dataset/Img_B/B_598.png,DPO_dataset/Img_B/B_598.png
599,"(np.float64(0.5228668569565625), np.float64(0.8639028953800232))",DPO_dataset/Img_A/A_599.png,DPO_dataset/Img_B/B_599.png,DPO_dataset/Img_true/Real_599.png,DPO_dataset/Img_baseline/Baseline_599.png,,
600,"(np.float64(0.2605334698191305), np.float64(0.8999495443840523))",DPO_dataset/Img_A/A_600.png,DPO_dataset/Img_B/B_600.png,DPO_dataset/Img_true/Real_600.png,DPO_dataset/Img_baseline/Baseline_600.png,,
601,"(np.float64(0.5716407450506027), np.float64(0.521601995772807))",DPO_dataset/Img_A/A_601.png,DPO_dataset/Img_B/B_601.png,DPO_dataset/Img_true/Real_601.png,DPO_dataset/Img_baseline/Baseline_601.png,,
602,"(np.float64(0.2700289996872761), np.float64(0.8602885631245993))",DPO_dataset/Img_A/A_602.png,DPO_dataset/Img_B/B_602.png,DPO_dataset/Img_true/Real_602.png,DPO_dataset/Img_baseline/Baseline_602.png,DPO_dataset/Img_B/B_602.png,DPO_dataset/Img_A/A_602.png
603,"(np.float64(0.2503990963693917), np.float64(0.7968650590116105))",DPO_dataset/Img_A/A_603.png,DPO_dataset/Img_B/B_603.png,DPO_dataset/Img_true/Real_603.png,DPO_dataset/Img_baseline/Baseline_603.png,,
604,"(np.float64(0.3814503553350853), np.float64(1.0))",DPO_dataset/Img_A/A_604.png,DPO_dataset/Img_B/B_604.png,DPO_dataset/Img_true/Real_604.png,DPO_dataset/Img_baseline/Baseline_604.png,,
605,"(np.float64(0.43685877818138297), np.float64(0.9104824083377662))",DPO_dataset/Img_A/A_605.png,DPO_dataset/Img_B/B_605.png,DPO_dataset/Img_true/Real_605.png,DPO_dataset/Img_baseline/Baseline_605.png,DPO_dataset/Img_A/A_605.png,DPO_dataset/Img_B/B_605.png
606,"(np.float64(0.060241005272449154), np.float64(0.9210273357139157))",DPO_dataset/Img_A/A_606.png,DPO_dataset/Img_B/B_606.png,DPO_dataset/Img_true/Real_606.png,DPO_dataset/Img_baseline/Baseline_606.png,,
607,"(np.float64(0.259548356590631), np.float64(0.7394892421115723))",DPO_dataset/Img_A/A_607.png,DPO_dataset/Img_B/B_607.png,DPO_dataset/Img_true/Real_607.png,DPO_dataset/Img_baseline/Baseline_607.png,,
608,"(np.float64(0.22458257940230095), np.float64(0.9067538071309765))",DPO_dataset/Img_A/A_608.png,DPO_dataset/Img_B/B_608.png,DPO_dataset/Img_true/Real_608.png,DPO_dataset/Img_baseline/Baseline_608.png,,
609,"(np.float64(0.2787507006760432), np.float64(0.8130481840625318))",DPO_dataset/Img_A/A_609.png,DPO_dataset/Img_B/B_609.png,DPO_dataset/Img_true/Real_609.png,DPO_dataset/Img_baseline/Baseline_609.png,DPO_dataset/Img_A/A_609.png,DPO_dataset/Img_A/A_609.png
610,"(np.float64(0.4474622466001572), np.float64(0.799425801190657))",DPO_dataset/Img_A/A_610.png,DPO_dataset/Img_B/B_610.png,DPO_dataset/Img_true/Real_610.png,DPO_dataset/Img_baseline/Baseline_610.png,,
611,"(np.float64(0.37518392451364335), np.float64(0.8480025465174684))",DPO_dataset/Img_A/A_611.png,DPO_dataset/Img_B/B_611.png,DPO_dataset/Img_true/Real_611.png,DPO_dataset/Img_baseline/Baseline_611.png,,
612,"(np.float64(0.23625202508835882), np.float64(0.9474526221639571))",DPO_dataset/Img_A/A_612.png,DPO_dataset/Img_B/B_612.png,DPO_dataset/Img_true/Real_612.png,DPO_dataset/Img_baseline/Baseline_612.png,DPO_dataset/Img_A/A_612.png,DPO_dataset/Img_A/A_612.png
613,"(np.float64(0.25332196813396407), np.float64(0.8882314828076493))",DPO_dataset/Img_A/A_613.png,DPO_dataset/Img_B/B_613.png,DPO_dataset/Img_true/Real_613.png,DPO_dataset/Img_baseline/Baseline_613.png,DPO_dataset/Img_B/B_613.png,DPO_dataset/Img_A/A_613.png
614,"(np.float64(0.19356598346250062), np.float64(0.9935483252228576))",DPO_dataset/Img_A/A_614.png,DPO_dataset/Img_B/B_614.png,DPO_dataset/Img_true/Real_614.png,DPO_dataset/Img_baseline/Baseline_614.png,,
615,"(np.float64(0.23922613973521134), np.float64(0.7888187757824602))",DPO_dataset/Img_A/A_615.png,DPO_dataset/Img_B/B_615.png,DPO_dataset/Img_true/Real_615.png,DPO_dataset/Img_baseline/Baseline_615.png,,
616,"(np.float64(0.3060301100290603), np.float64(0.8624265881629594))",DPO_dataset/Img_A/A_616.png,DPO_dataset/Img_B/B_616.png,DPO_dataset/Img_true/Real_616.png,DPO_dataset/Img_baseline/Baseline_616.png,,
617,"(np.float64(0.29309222699783866), np.float64(0.7459898327195653))",DPO_dataset/Img_A/A_617.png,DPO_dataset/Img_B/B_617.png,DPO_dataset/Img_true/Real_617.png,DPO_dataset/Img_baseline/Baseline_617.png,DPO_dataset/Img_B/B_617.png,DPO_dataset/Img_B/B_617.png
618,"(np.float64(0.2728342164298554), np.float64(0.8246128863265294))",DPO_dataset/Img_A/A_618.png,DPO_dataset/Img_B/B_618.png,DPO_dataset/Img_true/Real_618.png,DPO_dataset/Img_baseline/Baseline_618.png,DPO_dataset/Img_B/B_618.png,DPO_dataset/Img_A/A_618.png
619,"(np.float64(0.37772969019032393), np.float64(0.7379097309560004))",DPO_dataset/Img_A/A_619.png,DPO_dataset/Img_B/B_619.png,DPO_dataset/Img_true/Real_619.png,DPO_dataset/Img_baseline/Baseline_619.png,,
620,"(np.float64(0.43590259065345704), np.float64(0.7998103267633372))",DPO_dataset/Img_A/A_620.png,DPO_dataset/Img_B/B_620.png,DPO_dataset/Img_true/Real_620.png,DPO_dataset/Img_baseline/Baseline_620.png,,
621,"(np.float64(0.24416053511850197), np.float64(0.7451199761448986))",DPO_dataset/Img_A/A_621.png,DPO_dataset/Img_B/B_621.png,DPO_dataset/Img_true/Real_621.png,DPO_dataset/Img_baseline/Baseline_621.png,,
622,"(np.float64(0.3302091437359785), np.float64(0.8980768449609741))",DPO_dataset/Img_A/A_622.png,DPO_dataset/Img_B/B_622.png,DPO_dataset/Img_true/Real_622.png,DPO_dataset/Img_baseline/Baseline_622.png,DPO_dataset/Img_B/B_622.png,DPO_dataset/Img_B/B_622.png
623,"(np.float64(0.24601308461859053), np.float64(0.6996300102580326))",DPO_dataset/Img_A/A_623.png,DPO_dataset/Img_B/B_623.png,DPO_dataset/Img_true/Real_623.png,DPO_dataset/Img_baseline/Baseline_623.png,,
624,"(np.float64(0.338212168956296), np.float64(0.7128461130253716))",DPO_dataset/Img_A/A_624.png,DPO_dataset/Img_B/B_624.png,DPO_dataset/Img_true/Real_624.png,DPO_dataset/Img_baseline/Baseline_624.png,DPO_dataset/Img_A/A_624.png,DPO_dataset/Img_B/B_624.png
625,"(np.float64(0.31097224489557523), np.float64(0.7024499120744092))",DPO_dataset/Img_A/A_625.png,DPO_dataset/Img_B/B_625.png,DPO_dataset/Img_true/Real_625.png,DPO_dataset/Img_baseline/Baseline_625.png,DPO_dataset/Img_A/A_625.png,DPO_dataset/Img_B/B_625.png
626,"(np.float64(0.21352331713651462), np.float64(0.6718497809620162))",DPO_dataset/Img_A/A_626.png,DPO_dataset/Img_B/B_626.png,DPO_dataset/Img_true/Real_626.png,DPO_dataset/Img_baseline/Baseline_626.png,,
627,"(np.float64(0.409999069550017), np.float64(0.9829485826224937))",DPO_dataset/Img_A/A_627.png,DPO_dataset/Img_B/B_627.png,DPO_dataset/Img_true/Real_627.png,DPO_dataset/Img_baseline/Baseline_627.png,,
628,"(np.float64(0.14376583684596717), np.float64(0.8769946441493471))",DPO_dataset/Img_A/A_628.png,DPO_dataset/Img_B/B_628.png,DPO_dataset/Img_true/Real_628.png,DPO_dataset/Img_baseline/Baseline_628.png,,
629,"(np.float64(0.3326992872943268), np.float64(0.8617396015204685))",DPO_dataset/Img_A/A_629.png,DPO_dataset/Img_B/B_629.png,DPO_dataset/Img_true/Real_629.png,DPO_dataset/Img_baseline/Baseline_629.png,,
630,"(np.float64(0.13408004985356237), np.float64(0.6147918350848122))",DPO_dataset/Img_A/A_630.png,DPO_dataset/Img_B/B_630.png,DPO_dataset/Img_true/Real_630.png,DPO_dataset/Img_baseline/Baseline_630.png,DPO_dataset/Img_B/B_630.png,DPO_dataset/Img_B/B_630.png
631,"(np.float64(0.2760500540135534), np.float64(0.7769763830281741))",DPO_dataset/Img_A/A_631.png,DPO_dataset/Img_B/B_631.png,DPO_dataset/Img_true/Real_631.png,DPO_dataset/Img_baseline/Baseline_631.png,DPO_dataset/Img_A/A_631.png,DPO_dataset/Img_A/A_631.png
632,"(np.float64(0.3798566177006713), np.float64(0.9209132482039067))",DPO_dataset/Img_A/A_632.png,DPO_dataset/Img_B/B_632.png,DPO_dataset/Img_true/Real_632.png,DPO_dataset/Img_baseline/Baseline_632.png,,
633,"(np.float64(0.32973925569605034), np.float64(0.6950376811603759))",DPO_dataset/Img_A/A_633.png,DPO_dataset/Img_B/B_633.png,DPO_dataset/Img_true/Real_633.png,DPO_dataset/Img_baseline/Baseline_633.png,DPO_dataset/Img_B/B_633.png,DPO_dataset/Img_B/B_633.png
634,"(np.float64(0.5478251577270565), np.float64(0.7717272261308966))",DPO_dataset/Img_A/A_634.png,DPO_dataset/Img_B/B_634.png,DPO_dataset/Img_true/Real_634.png,DPO_dataset/Img_baseline/Baseline_634.png,DPO_dataset/Img_B/B_634.png,DPO_dataset/Img_B/B_634.png
635,"(np.float64(0.24020707458800436), np.float64(0.8717874753699025))",DPO_dataset/Img_A/A_635.png,DPO_dataset/Img_B/B_635.png,DPO_dataset/Img_true/Real_635.png,DPO_dataset/Img_baseline/Baseline_635.png,,
636,"(np.float64(0.20677491954088714), np.float64(0.8676351479021358))",DPO_dataset/Img_A/A_636.png,DPO_dataset/Img_B/B_636.png,DPO_dataset/Img_true/Real_636.png,DPO_dataset/Img_baseline/Baseline_636.png,,
637,"(np.float64(0.1889528747341925), np.float64(0.8252759032047772))",DPO_dataset/Img_A/A_637.png,DPO_dataset/Img_B/B_637.png,DPO_dataset/Img_true/Real_637.png,DPO_dataset/Img_baseline/Baseline_637.png,,
638,"(np.float64(0.2743080630412747), np.float64(0.8732068614309763))",DPO_dataset/Img_A/A_638.png,DPO_dataset/Img_B/B_638.png,DPO_dataset/Img_true/Real_638.png,DPO_dataset/Img_baseline/Baseline_638.png,DPO_dataset/Img_A/A_638.png,DPO_dataset/Img_A/A_638.png
639,"(np.float64(0.3255626938557232), np.float64(0.759190914977772))",DPO_dataset/Img_A/A_639.png,DPO_dataset/Img_B/B_639.png,DPO_dataset/Img_true/Real_639.png,DPO_dataset/Img_baseline/Baseline_639.png,DPO_dataset/Img_B/B_639.png,DPO_dataset/Img_A/A_639.png
640,"(np.float64(0.5128665257215167), np.float64(0.8801646471493556))",DPO_dataset/Img_A/A_640.png,DPO_dataset/Img_B/B_640.png,DPO_dataset/Img_true/Real_640.png,DPO_dataset/Img_baseline/Baseline_640.png,,
641,"(np.float64(0.39804848271321347), np.float64(0.9338312537706945))",DPO_dataset/Img_A/A_641.png,DPO_dataset/Img_B/B_641.png,DPO_dataset/Img_true/Real_641.png,DPO_dataset/Img_baseline/Baseline_641.png,DPO_dataset/Img_B/B_641.png,DPO_dataset/Img_B/B_641.png
642,"(np.float64(0.5035900012695695), np.float64(0.7947920488336738))",DPO_dataset/Img_A/A_642.png,DPO_dataset/Img_B/B_642.png,DPO_dataset/Img_true/Real_642.png,DPO_dataset/Img_baseline/Baseline_642.png,,
643,"(np.float64(0.25917051650861883), np.float64(0.6764218729553426))",DPO_dataset/Img_A/A_643.png,DPO_dataset/Img_B/B_643.png,DPO_dataset/Img_true/Real_643.png,DPO_dataset/Img_baseline/Baseline_643.png,,
644,"(np.float64(0.4261670622754364), np.float64(0.8189818870430388))",DPO_dataset/Img_A/A_644.png,DPO_dataset/Img_B/B_644.png,DPO_dataset/Img_true/Real_644.png,DPO_dataset/Img_baseline/Baseline_644.png,,
645,"(np.float64(0.23943649898954328), np.float64(0.8108143232851096))",DPO_dataset/Img_A/A_645.png,DPO_dataset/Img_B/B_645.png,DPO_dataset/Img_true/Real_645.png,DPO_dataset/Img_baseline/Baseline_645.png,,
646,"(np.float64(0.20388296831382974), np.float64(0.9318005241924733))",DPO_dataset/Img_A/A_646.png,DPO_dataset/Img_B/B_646.png,DPO_dataset/Img_true/Real_646.png,DPO_dataset/Img_baseline/Baseline_646.png,DPO_dataset/Img_B/B_646.png,DPO_dataset/Img_B/B_646.png
647,"(np.float64(0.30242086332234347), np.float64(1.0))",DPO_dataset/Img_A/A_647.png,DPO_dataset/Img_B/B_647.png,DPO_dataset/Img_true/Real_647.png,DPO_dataset/Img_baseline/Baseline_647.png,,
648,"(np.float64(0.2147293374044836), np.float64(0.8185429761275952))",DPO_dataset/Img_A/A_648.png,DPO_dataset/Img_B/B_648.png,DPO_dataset/Img_true/Real_648.png,DPO_dataset/Img_baseline/Baseline_648.png,DPO_dataset/Img_B/B_648.png,DPO_dataset/Img_B/B_648.png
649,"(np.float64(0.3483401358601788), np.float64(0.8150334881746802))",DPO_dataset/Img_A/A_649.png,DPO_dataset/Img_B/B_649.png,DPO_dataset/Img_true/Real_649.png,DPO_dataset/Img_baseline/Baseline_649.png,,
650,"(np.float64(0.16389207398252303), np.float64(0.6798899138755817))",DPO_dataset/Img_A/A_650.png,DPO_dataset/Img_B/B_650.png,DPO_dataset/Img_true/Real_650.png,DPO_dataset/Img_baseline/Baseline_650.png,DPO_dataset/Img_B/B_650.png,DPO_dataset/Img_B/B_650.png
651,"(np.float64(0.2118565829364349), np.float64(0.9258970413965882))",DPO_dataset/Img_A/A_651.png,DPO_dataset/Img_B/B_651.png,DPO_dataset/Img_true/Real_651.png,DPO_dataset/Img_baseline/Baseline_651.png,DPO_dataset/Img_A/A_651.png,DPO_dataset/Img_B/B_651.png
652,"(np.float64(0.2717018456658055), np.float64(0.8838542154637915))",DPO_dataset/Img_A/A_652.png,DPO_dataset/Img_B/B_652.png,DPO_dataset/Img_true/Real_652.png,DPO_dataset/Img_baseline/Baseline_652.png,,
653,"(np.float64(0.27791535744622675), np.float64(0.8425248642768648))",DPO_dataset/Img_A/A_653.png,DPO_dataset/Img_B/B_653.png,DPO_dataset/Img_true/Real_653.png,DPO_dataset/Img_baseline/Baseline_653.png,,
654,"(np.float64(0.17822714406521703), np.float64(0.7674187046192914))",DPO_dataset/Img_A/A_654.png,DPO_dataset/Img_B/B_654.png,DPO_dataset/Img_true/Real_654.png,DPO_dataset/Img_baseline/Baseline_654.png,DPO_dataset/Img_A/A_654.png,DPO_dataset/Img_A/A_654.png
655,"(np.float64(0.3444626776023617), np.float64(0.9238817663302296))",DPO_dataset/Img_A/A_655.png,DPO_dataset/Img_B/B_655.png,DPO_dataset/Img_true/Real_655.png,DPO_dataset/Img_baseline/Baseline_655.png,,
656,"(np.float64(0.40030455069453086), np.float64(0.6592662866177651))",DPO_dataset/Img_A/A_656.png,DPO_dataset/Img_B/B_656.png,DPO_dataset/Img_true/Real_656.png,DPO_dataset/Img_baseline/Baseline_656.png,,
657,"(np.float64(0.35955444031292455), np.float64(0.8891925159093141))",DPO_dataset/Img_A/A_657.png,DPO_dataset/Img_B/B_657.png,DPO_dataset/Img_true/Real_657.png,DPO_dataset/Img_baseline/Baseline_657.png,DPO_dataset/Img_B/B_657.png,DPO_dataset/Img_B/B_657.png
658,"(np.float64(0.23376404837737028), np.float64(0.8173863741853743))",DPO_dataset/Img_A/A_658.png,DPO_dataset/Img_B/B_658.png,DPO_dataset/Img_true/Real_658.png,DPO_dataset/Img_baseline/Baseline_658.png,DPO_dataset/Img_B/B_658.png,DPO_dataset/Img_B/B_658.png
659,"(np.float64(0.2201754636202906), np.float64(0.8354157729839105))",DPO_dataset/Img_A/A_659.png,DPO_dataset/Img_B/B_659.png,DPO_dataset/Img_true/Real_659.png,DPO_dataset/Img_baseline/Baseline_659.png,,
660,"(np.float64(0.3591676843113703), np.float64(0.9033172003841289))",DPO_dataset/Img_A/A_660.png,DPO_dataset/Img_B/B_660.png,DPO_dataset/Img_true/Real_660.png,DPO_dataset/Img_baseline/Baseline_660.png,DPO_dataset/Img_B/B_660.png,DPO_dataset/Img_B/B_660.png
661,"(np.float64(0.3759030616115985), np.float64(0.8152217159503952))",DPO_dataset/Img_A/A_661.png,DPO_dataset/Img_B/B_661.png,DPO_dataset/Img_true/Real_661.png,DPO_dataset/Img_baseline/Baseline_661.png,DPO_dataset/Img_A/A_661.png,DPO_dataset/Img_A/A_661.png
662,"(np.float64(0.3141711203663264), np.float64(0.8554098496025515))",DPO_dataset/Img_A/A_662.png,DPO_dataset/Img_B/B_662.png,DPO_dataset/Img_true/Real_662.png,DPO_dataset/Img_baseline/Baseline_662.png,,
663,"(np.float64(0.25669814702744115), np.float64(0.7736854018732812))",DPO_dataset/Img_A/A_663.png,DPO_dataset/Img_B/B_663.png,DPO_dataset/Img_true/Real_663.png,DPO_dataset/Img_baseline/Baseline_663.png,DPO_dataset/Img_A/A_663.png,DPO_dataset/Img_B/B_663.png
664,"(np.float64(0.22200148944697218), np.float64(0.8368608501213495))",DPO_dataset/Img_A/A_664.png,DPO_dataset/Img_B/B_664.png,DPO_dataset/Img_true/Real_664.png,DPO_dataset/Img_baseline/Baseline_664.png,DPO_dataset/Img_B/B_664.png,DPO_dataset/Img_A/A_664.png
665,"(np.float64(0.3015150002536578), np.float64(0.6758339647642643))",DPO_dataset/Img_A/A_665.png,DPO_dataset/Img_B/B_665.png,DPO_dataset/Img_true/Real_665.png,DPO_dataset/Img_baseline/Baseline_665.png,,
666,"(np.float64(0.23975285262848336), np.float64(0.8565175222432287))",DPO_dataset/Img_A/A_666.png,DPO_dataset/Img_B/B_666.png,DPO_dataset/Img_true/Real_666.png,DPO_dataset/Img_baseline/Baseline_666.png,,
667,"(np.float64(0.2582176358307439), np.float64(0.8934319731942816))",DPO_dataset/Img_A/A_667.png,DPO_dataset/Img_B/B_667.png,DPO_dataset/Img_true/Real_667.png,DPO_dataset/Img_baseline/Baseline_667.png,DPO_dataset/Img_B/B_667.png,DPO_dataset/Img_B/B_667.png
668,"(np.float64(0.027801735667724987), np.float64(0.6971753212691493))",DPO_dataset/Img_A/A_668.png,DPO_dataset/Img_B/B_668.png,DPO_dataset/Img_true/Real_668.png,DPO_dataset/Img_baseline/Baseline_668.png,,
669,"(np.float64(0.24004102223120358), np.float64(0.8550865979068184))",DPO_dataset/Img_A/A_669.png,DPO_dataset/Img_B/B_669.png,DPO_dataset/Img_true/Real_669.png,DPO_dataset/Img_baseline/Baseline_669.png,,
670,"(np.float64(0.37754084047010383), np.float64(1.0))",DPO_dataset/Img_A/A_670.png,DPO_dataset/Img_B/B_670.png,DPO_dataset/Img_true/Real_670.png,DPO_dataset/Img_baseline/Baseline_670.png,,
671,"(np.float64(0.37699780021829515), np.float64(0.8751383085043783))",DPO_dataset/Img_A/A_671.png,DPO_dataset/Img_B/B_671.png,DPO_dataset/Img_true/Real_671.png,DPO_dataset/Img_baseline/Baseline_671.png,,
672,"(np.float64(0.3761170186806046), np.float64(0.9349225434951436))",DPO_dataset/Img_A/A_672.png,DPO_dataset/Img_B/B_672.png,DPO_dataset/Img_true/Real_672.png,DPO_dataset/Img_baseline/Baseline_672.png,DPO_dataset/Img_A/A_672.png,DPO_dataset/Img_A/A_672.png
673,"(np.float64(0.3153836643251921), np.float64(0.8523426299125725))",DPO_dataset/Img_A/A_673.png,DPO_dataset/Img_B/B_673.png,DPO_dataset/Img_true/Real_673.png,DPO_dataset/Img_baseline/Baseline_673.png,,
674,"(np.float64(0.3219104383902867), np.float64(0.8524890185868205))",DPO_dataset/Img_A/A_674.png,DPO_dataset/Img_B/B_674.png,DPO_dataset/Img_true/Real_674.png,DPO_dataset/Img_baseline/Baseline_674.png,,
675,"(np.float64(0.3617990203243638), np.float64(0.9234573887561386))",DPO_dataset/Img_A/A_675.png,DPO_dataset/Img_B/B_675.png,DPO_dataset/Img_true/Real_675.png,DPO_dataset/Img_baseline/Baseline_675.png,,
676,"(np.float64(0.3136534347956271), np.float64(0.9061931315255054))",DPO_dataset/Img_A/A_676.png,DPO_dataset/Img_B/B_676.png,DPO_dataset/Img_true/Real_676.png,DPO_dataset/Img_baseline/Baseline_676.png,,
677,"(np.float64(0.47363277836040446), np.float64(0.8678085799523404))",DPO_dataset/Img_A/A_677.png,DPO_dataset/Img_B/B_677.png,DPO_dataset/Img_true/Real_677.png,DPO_dataset/Img_baseline/Baseline_677.png,,
678,"(np.float64(0.34256226157425296), np.float64(0.8353146370895922))",DPO_dataset/Img_A/A_678.png,DPO_dataset/Img_B/B_678.png,DPO_dataset/Img_true/Real_678.png,DPO_dataset/Img_baseline/Baseline_678.png,DPO_dataset/Img_B/B_678.png,DPO_dataset/Img_A/A_678.png
679,"(np.float64(0.4589802982985766), np.float64(0.9390293820415484))",DPO_dataset/Img_A/A_679.png,DPO_dataset/Img_B/B_679.png,DPO_dataset/Img_true/Real_679.png,DPO_dataset/Img_baseline/Baseline_679.png,,
680,"(np.float64(0.29751785853957685), np.float64(0.6840925203323611))",DPO_dataset/Img_A/A_680.png,DPO_dataset/Img_B/B_680.png,DPO_dataset/Img_true/Real_680.png,DPO_dataset/Img_baseline/Baseline_680.png,,
681,"(np.float64(0.26037095264123356), np.float64(0.876788357542905))",DPO_dataset/Img_A/A_681.png,DPO_dataset/Img_B/B_681.png,DPO_dataset/Img_true/Real_681.png,DPO_dataset/Img_baseline/Baseline_681.png,,
682,"(np.float64(0.35681978883600235), np.float64(0.7676495876797921))",DPO_dataset/Img_A/A_682.png,DPO_dataset/Img_B/B_682.png,DPO_dataset/Img_true/Real_682.png,DPO_dataset/Img_baseline/Baseline_682.png,DPO_dataset/Img_A/A_682.png,None
683,"(np.float64(0.3418770029927754), np.float64(0.8256177386914286))",DPO_dataset/Img_A/A_683.png,DPO_dataset/Img_B/B_683.png,DPO_dataset/Img_true/Real_683.png,DPO_dataset/Img_baseline/Baseline_683.png,,
684,"(np.float64(0.39196922473065665), np.float64(0.8850841102448715))",DPO_dataset/Img_A/A_684.png,DPO_dataset/Img_B/B_684.png,DPO_dataset/Img_true/Real_684.png,DPO_dataset/Img_baseline/Baseline_684.png,,
685,"(np.float64(0.4982693592422929), np.float64(0.7679979040155263))",DPO_dataset/Img_A/A_685.png,DPO_dataset/Img_B/B_685.png,DPO_dataset/Img_true/Real_685.png,DPO_dataset/Img_baseline/Baseline_685.png,,
686,"(np.float64(0.08314444548513233), np.float64(0.8562708773210748))",DPO_dataset/Img_A/A_686.png,DPO_dataset/Img_B/B_686.png,DPO_dataset/Img_true/Real_686.png,DPO_dataset/Img_baseline/Baseline_686.png,,
687,"(np.float64(0.24256957195954243), np.float64(0.6669501940008531))",DPO_dataset/Img_A/A_687.png,DPO_dataset/Img_B/B_687.png,DPO_dataset/Img_true/Real_687.png,DPO_dataset/Img_baseline/Baseline_687.png,DPO_dataset/Img_A/A_687.png,DPO_dataset/Img_A/A_687.png
688,"(np.float64(0.2851068748789997), np.float64(0.609486541773574))",DPO_dataset/Img_A/A_688.png,DPO_dataset/Img_B/B_688.png,DPO_dataset/Img_true/Real_688.png,DPO_dataset/Img_baseline/Baseline_688.png,DPO_dataset/Img_B/B_688.png,DPO_dataset/Img_B/B_688.png
689,"(np.float64(0.19104074193056433), np.float64(1.0))",DPO_dataset/Img_A/A_689.png,DPO_dataset/Img_B/B_689.png,DPO_dataset/Img_true/Real_689.png,DPO_dataset/Img_baseline/Baseline_689.png,DPO_dataset/Img_B/B_689.png,DPO_dataset/Img_B/B_689.png
690,"(np.float64(0.1898879641913845), np.float64(0.6860930736011384))",DPO_dataset/Img_A/A_690.png,DPO_dataset/Img_B/B_690.png,DPO_dataset/Img_true/Real_690.png,DPO_dataset/Img_baseline/Baseline_690.png,DPO_dataset/Img_B/B_690.png,DPO_dataset/Img_B/B_690.png
691,"(np.float64(0.27047591576860125), np.float64(0.6860255829969201))",DPO_dataset/Img_A/A_691.png,DPO_dataset/Img_B/B_691.png,DPO_dataset/Img_true/Real_691.png,DPO_dataset/Img_baseline/Baseline_691.png,DPO_dataset/Img_B/B_691.png,DPO_dataset/Img_B/B_691.png
692,"(np.float64(0.29155157465485865), np.float64(1.0))",DPO_dataset/Img_A/A_692.png,DPO_dataset/Img_B/B_692.png,DPO_dataset/Img_true/Real_692.png,DPO_dataset/Img_baseline/Baseline_692.png,,
693,"(np.float64(0.22132276506032542), np.float64(0.8847254455031056))",DPO_dataset/Img_A/A_693.png,DPO_dataset/Img_B/B_693.png,DPO_dataset/Img_true/Real_693.png,DPO_dataset/Img_baseline/Baseline_693.png,,
694,"(np.float64(0.06972867366182693), np.float64(0.7131589646111417))",DPO_dataset/Img_A/A_694.png,DPO_dataset/Img_B/B_694.png,DPO_dataset/Img_true/Real_694.png,DPO_dataset/Img_baseline/Baseline_694.png,DPO_dataset/Img_A/A_694.png,DPO_dataset/Img_A/A_694.png
695,"(np.float64(0.34916198693491496), np.float64(0.8458104174812014))",DPO_dataset/Img_A/A_695.png,DPO_dataset/Img_B/B_695.png,DPO_dataset/Img_true/Real_695.png,DPO_dataset/Img_baseline/Baseline_695.png,,
696,"(np.float64(0.24927810952300222), np.float64(0.7782797013467052))",DPO_dataset/Img_A/A_696.png,DPO_dataset/Img_B/B_696.png,DPO_dataset/Img_true/Real_696.png,DPO_dataset/Img_baseline/Baseline_696.png,,
697,"(np.float64(0.24746978133957656), np.float64(0.9865759168243492))",DPO_dataset/Img_A/A_697.png,DPO_dataset/Img_B/B_697.png,DPO_dataset/Img_true/Real_697.png,DPO_dataset/Img_baseline/Baseline_697.png,DPO_dataset/Img_B/B_697.png,DPO_dataset/Img_A/A_697.png
698,"(np.float64(0.20185869616244528), np.float64(0.7129664920707169))",DPO_dataset/Img_A/A_698.png,DPO_dataset/Img_B/B_698.png,DPO_dataset/Img_true/Real_698.png,DPO_dataset/Img_baseline/Baseline_698.png,DPO_dataset/Img_A/A_698.png,DPO_dataset/Img_B/B_698.png
699,"(np.float64(0.31292908103373285), np.float64(0.7737231978286337))",DPO_dataset/Img_A/A_699.png,DPO_dataset/Img_B/B_699.png,DPO_dataset/Img_true/Real_699.png,DPO_dataset/Img_baseline/Baseline_699.png,DPO_dataset/Img_A/A_699.png,DPO_dataset/Img_A/A_699.png
700,"(np.float64(0.36921878208505676), np.float64(0.8346375189291303))",DPO_dataset/Img_A/A_700.png,DPO_dataset/Img_B/B_700.png,DPO_dataset/Img_true/Real_700.png,DPO_dataset/Img_baseline/Baseline_700.png,DPO_dataset/Img_A/A_700.png,DPO_dataset/Img_B/B_700.png
701,"(np.float64(0.11202946496137531), np.float64(0.7600968720790401))",DPO_dataset/Img_A/A_701.png,DPO_dataset/Img_B/B_701.png,DPO_dataset/Img_true/Real_701.png,DPO_dataset/Img_baseline/Baseline_701.png,,
702,"(np.float64(0.3990217343462539), np.float64(0.7369404376817592))",DPO_dataset/Img_A/A_702.png,DPO_dataset/Img_B/B_702.png,DPO_dataset/Img_true/Real_702.png,DPO_dataset/Img_baseline/Baseline_702.png,DPO_dataset/Img_B/B_702.png,DPO_dataset/Img_A/A_702.png
703,"(np.float64(0.3309885432788722), np.float64(0.7702739462291126))",DPO_dataset/Img_A/A_703.png,DPO_dataset/Img_B/B_703.png,DPO_dataset/Img_true/Real_703.png,DPO_dataset/Img_baseline/Baseline_703.png,DPO_dataset/Img_B/B_703.png,DPO_dataset/Img_B/B_703.png
704,"(np.float64(0.19221065770373164), np.float64(0.8570390202744053))",DPO_dataset/Img_A/A_704.png,DPO_dataset/Img_B/B_704.png,DPO_dataset/Img_true/Real_704.png,DPO_dataset/Img_baseline/Baseline_704.png,,
705,"(np.float64(0.12817155723794774), np.float64(0.7084752481882317))",DPO_dataset/Img_A/A_705.png,DPO_dataset/Img_B/B_705.png,DPO_dataset/Img_true/Real_705.png,DPO_dataset/Img_baseline/Baseline_705.png,DPO_dataset/Img_A/A_705.png,DPO_dataset/Img_B/B_705.png
706,"(np.float64(0.4387887035277969), np.float64(0.7854788209040593))",DPO_dataset/Img_A/A_706.png,DPO_dataset/Img_B/B_706.png,DPO_dataset/Img_true/Real_706.png,DPO_dataset/Img_baseline/Baseline_706.png,DPO_dataset/Img_B/B_706.png,DPO_dataset/Img_A/A_706.png
707,"(np.float64(0.4030277094000896), np.float64(0.5976095149682287))",DPO_dataset/Img_A/A_707.png,DPO_dataset/Img_B/B_707.png,DPO_dataset/Img_true/Real_707.png,DPO_dataset/Img_baseline/Baseline_707.png,DPO_dataset/Img_B/B_707.png,DPO_dataset/Img_B/B_707.png
708,"(np.float64(0.19582845974705024), np.float64(0.782499281055768))",DPO_dataset/Img_A/A_708.png,DPO_dataset/Img_B/B_708.png,DPO_dataset/Img_true/Real_708.png,DPO_dataset/Img_baseline/Baseline_708.png,DPO_dataset/Img_B/B_708.png,DPO_dataset/Img_A/A_708.png
709,"(np.float64(0.32718475337639497), np.float64(0.7698498867283414))",DPO_dataset/Img_A/A_709.png,DPO_dataset/Img_B/B_709.png,DPO_dataset/Img_true/Real_709.png,DPO_dataset/Img_baseline/Baseline_709.png,,
710,"(np.float64(0.3031174716184449), np.float64(0.6017399675428695))",DPO_dataset/Img_A/A_710.png,DPO_dataset/Img_B/B_710.png,DPO_dataset/Img_true/Real_710.png,DPO_dataset/Img_baseline/Baseline_710.png,DPO_dataset/Img_A/A_710.png,DPO_dataset/Img_B/B_710.png
711,"(np.float64(0.2595299906693002), np.float64(0.779123273164474))",DPO_dataset/Img_A/A_711.png,DPO_dataset/Img_B/B_711.png,DPO_dataset/Img_true/Real_711.png,DPO_dataset/Img_baseline/Baseline_711.png,DPO_dataset/Img_B/B_711.png,DPO_dataset/Img_B/B_711.png
712,"(np.float64(0.251252201252865), np.float64(0.8479496806669584))",DPO_dataset/Img_A/A_712.png,DPO_dataset/Img_B/B_712.png,DPO_dataset/Img_true/Real_712.png,DPO_dataset/Img_baseline/Baseline_712.png,,
713,"(np.float64(0.4322242638200876), np.float64(0.6571913265105038))",DPO_dataset/Img_A/A_713.png,DPO_dataset/Img_B/B_713.png,DPO_dataset/Img_true/Real_713.png,DPO_dataset/Img_baseline/Baseline_713.png,,
714,"(np.float64(0.3905295437135729), np.float64(0.9059610427360103))",DPO_dataset/Img_A/A_714.png,DPO_dataset/Img_B/B_714.png,DPO_dataset/Img_true/Real_714.png,DPO_dataset/Img_baseline/Baseline_714.png,DPO_dataset/Img_A/A_714.png,DPO_dataset/Img_B/B_714.png
715,"(np.float64(0.13570729839269996), np.float64(0.7112568434259045))",DPO_dataset/Img_A/A_715.png,DPO_dataset/Img_B/B_715.png,DPO_dataset/Img_true/Real_715.png,DPO_dataset/Img_baseline/Baseline_715.png,,
716,"(np.float64(0.20524162477768004), np.float64(0.7206886566094154))",DPO_dataset/Img_A/A_716.png,DPO_dataset/Img_B/B_716.png,DPO_dataset/Img_true/Real_716.png,DPO_dataset/Img_baseline/Baseline_716.png,,
717,"(np.float64(0.43602862806098974), np.float64(0.7608066257147109))",DPO_dataset/Img_A/A_717.png,DPO_dataset/Img_B/B_717.png,DPO_dataset/Img_true/Real_717.png,DPO_dataset/Img_baseline/Baseline_717.png,,
718,"(np.float64(0.30667622358658375), np.float64(0.7911522605571405))",DPO_dataset/Img_A/A_718.png,DPO_dataset/Img_B/B_718.png,DPO_dataset/Img_true/Real_718.png,DPO_dataset/Img_baseline/Baseline_718.png,DPO_dataset/Img_A/A_718.png,DPO_dataset/Img_B/B_718.png
719,"(np.float64(0.1925639670268475), np.float64(0.8151789225094808))",DPO_dataset/Img_A/A_719.png,DPO_dataset/Img_B/B_719.png,DPO_dataset/Img_true/Real_719.png,DPO_dataset/Img_baseline/Baseline_719.png,,
720,"(np.float64(0.3982385550169519), np.float64(0.8262035236777543))",DPO_dataset/Img_A/A_720.png,DPO_dataset/Img_B/B_720.png,DPO_dataset/Img_true/Real_720.png,DPO_dataset/Img_baseline/Baseline_720.png,DPO_dataset/Img_A/A_720.png,DPO_dataset/Img_A/A_720.png
721,"(np.float64(0.4820466622945065), np.float64(0.8997134506193053))",DPO_dataset/Img_A/A_721.png,DPO_dataset/Img_B/B_721.png,DPO_dataset/Img_true/Real_721.png,DPO_dataset/Img_baseline/Baseline_721.png,DPO_dataset/Img_B/B_721.png,DPO_dataset/Img_A/A_721.png
722,"(np.float64(0.26593581347721956), np.float64(0.854044272489279))",DPO_dataset/Img_A/A_722.png,DPO_dataset/Img_B/B_722.png,DPO_dataset/Img_true/Real_722.png,DPO_dataset/Img_baseline/Baseline_722.png,,
723,"(np.float64(0.5452082911151183), np.float64(1.0))",DPO_dataset/Img_A/A_723.png,DPO_dataset/Img_B/B_723.png,DPO_dataset/Img_true/Real_723.png,DPO_dataset/Img_baseline/Baseline_723.png,,
724,"(np.float64(0.2863721538926377), np.float64(0.745190863065004))",DPO_dataset/Img_A/A_724.png,DPO_dataset/Img_B/B_724.png,DPO_dataset/Img_true/Real_724.png,DPO_dataset/Img_baseline/Baseline_724.png,,
725,"(np.float64(0.30359692864902743), np.float64(0.9537853557762614))",DPO_dataset/Img_A/A_725.png,DPO_dataset/Img_B/B_725.png,DPO_dataset/Img_true/Real_725.png,DPO_dataset/Img_baseline/Baseline_725.png,,
726,"(np.float64(0.20062382339295415), np.float64(0.7882353781880967))",DPO_dataset/Img_A/A_726.png,DPO_dataset/Img_B/B_726.png,DPO_dataset/Img_true/Real_726.png,DPO_dataset/Img_baseline/Baseline_726.png,,
727,"(np.float64(0.3333741913614684), np.float64(0.9504546563816709))",DPO_dataset/Img_A/A_727.png,DPO_dataset/Img_B/B_727.png,DPO_dataset/Img_true/Real_727.png,DPO_dataset/Img_baseline/Baseline_727.png,,
728,"(np.float64(0.3444561415701004), np.float64(0.9005946323449865))",DPO_dataset/Img_A/A_728.png,DPO_dataset/Img_B/B_728.png,DPO_dataset/Img_true/Real_728.png,DPO_dataset/Img_baseline/Baseline_728.png,DPO_dataset/Img_B/B_728.png,DPO_dataset/Img_B/B_728.png
729,"(np.float64(0.43720217329716926), np.float64(0.7039160870173291))",DPO_dataset/Img_A/A_729.png,DPO_dataset/Img_B/B_729.png,DPO_dataset/Img_true/Real_729.png,DPO_dataset/Img_baseline/Baseline_729.png,,
730,"(np.float64(0.4234970937145195), np.float64(0.7505324376425999))",DPO_dataset/Img_A/A_730.png,DPO_dataset/Img_B/B_730.png,DPO_dataset/Img_true/Real_730.png,DPO_dataset/Img_baseline/Baseline_730.png,DPO_dataset/Img_A/A_730.png,DPO_dataset/Img_A/A_730.png
731,"(np.float64(0.3066601650429396), np.float64(0.850279455570622))",DPO_dataset/Img_A/A_731.png,DPO_dataset/Img_B/B_731.png,DPO_dataset/Img_true/Real_731.png,DPO_dataset/Img_baseline/Baseline_731.png,,
732,"(np.float64(0.19528542273129754), np.float64(0.8648062064801431))",DPO_dataset/Img_A/A_732.png,DPO_dataset/Img_B/B_732.png,DPO_dataset/Img_true/Real_732.png,DPO_dataset/Img_baseline/Baseline_732.png,,
733,"(np.float64(0.23309101951407937), np.float64(0.8733108501638759))",DPO_dataset/Img_A/A_733.png,DPO_dataset/Img_B/B_733.png,DPO_dataset/Img_true/Real_733.png,DPO_dataset/Img_baseline/Baseline_733.png,,
734,"(np.float64(0.20206521592975388), np.float64(0.9692341429803697))",DPO_dataset/Img_A/A_734.png,DPO_dataset/Img_B/B_734.png,DPO_dataset/Img_true/Real_734.png,DPO_dataset/Img_baseline/Baseline_734.png,,
735,"(np.float64(0.3958973472097346), np.float64(0.9483696416351252))",DPO_dataset/Img_A/A_735.png,DPO_dataset/Img_B/B_735.png,DPO_dataset/Img_true/Real_735.png,DPO_dataset/Img_baseline/Baseline_735.png,DPO_dataset/Img_B/B_735.png,DPO_dataset/Img_B/B_735.png
736,"(np.float64(0.2738774145426487), np.float64(0.928672800595366))",DPO_dataset/Img_A/A_736.png,DPO_dataset/Img_B/B_736.png,DPO_dataset/Img_true/Real_736.png,DPO_dataset/Img_baseline/Baseline_736.png,,
737,"(np.float64(0.3619866182812941), np.float64(0.7855340494114467))",DPO_dataset/Img_A/A_737.png,DPO_dataset/Img_B/B_737.png,DPO_dataset/Img_true/Real_737.png,DPO_dataset/Img_baseline/Baseline_737.png,,
738,"(np.float64(0.2491583290577761), np.float64(0.8689825774031633))",DPO_dataset/Img_A/A_738.png,DPO_dataset/Img_B/B_738.png,DPO_dataset/Img_true/Real_738.png,DPO_dataset/Img_baseline/Baseline_738.png,,
739,"(np.float64(0.3243999832673938), np.float64(0.7819686437228834))",DPO_dataset/Img_A/A_739.png,DPO_dataset/Img_B/B_739.png,DPO_dataset/Img_true/Real_739.png,DPO_dataset/Img_baseline/Baseline_739.png,DPO_dataset/Img_A/A_739.png,DPO_dataset/Img_A/A_739.png
740,"(np.float64(0.24017158326687477), np.float64(0.9569030374406761))",DPO_dataset/Img_A/A_740.png,DPO_dataset/Img_B/B_740.png,DPO_dataset/Img_true/Real_740.png,DPO_dataset/Img_baseline/Baseline_740.png,DPO_dataset/Img_A/A_740.png,DPO_dataset/Img_A/A_740.png
741,"(np.float64(0.27302154214064656), np.float64(0.8274552584428834))",DPO_dataset/Img_A/A_741.png,DPO_dataset/Img_B/B_741.png,DPO_dataset/Img_true/Real_741.png,DPO_dataset/Img_baseline/Baseline_741.png,,
742,"(np.float64(0.37023671605853936), np.float64(0.7923121479236785))",DPO_dataset/Img_A/A_742.png,DPO_dataset/Img_B/B_742.png,DPO_dataset/Img_true/Real_742.png,DPO_dataset/Img_baseline/Baseline_742.png,DPO_dataset/Img_A/A_742.png,DPO_dataset/Img_B/B_742.png
743,"(np.float64(0.05248751148898758), np.float64(0.7019522970389296))",DPO_dataset/Img_A/A_743.png,DPO_dataset/Img_B/B_743.png,DPO_dataset/Img_true/Real_743.png,DPO_dataset/Img_baseline/Baseline_743.png,,
744,"(np.float64(0.2703048151771832), np.float64(0.8038748617430267))",DPO_dataset/Img_A/A_744.png,DPO_dataset/Img_B/B_744.png,DPO_dataset/Img_true/Real_744.png,DPO_dataset/Img_baseline/Baseline_744.png,,
745,"(np.float64(0.4146665047510642), np.float64(0.8581137517512442))",DPO_dataset/Img_A/A_745.png,DPO_dataset/Img_B/B_745.png,DPO_dataset/Img_true/Real_745.png,DPO_dataset/Img_baseline/Baseline_745.png,DPO_dataset/Img_A/A_745.png,DPO_dataset/Img_B/B_745.png
746,"(np.float64(0.32285364678094375), np.float64(0.8228554659203455))",DPO_dataset/Img_A/A_746.png,DPO_dataset/Img_B/B_746.png,DPO_dataset/Img_true/Real_746.png,DPO_dataset/Img_baseline/Baseline_746.png,,
747,"(np.float64(0.13874284427711814), np.float64(0.8324356641865774))",DPO_dataset/Img_A/A_747.png,DPO_dataset/Img_B/B_747.png,DPO_dataset/Img_true/Real_747.png,DPO_dataset/Img_baseline/Baseline_747.png,DPO_dataset/Img_B/B_747.png,DPO_dataset/Img_B/B_747.png
748,"(np.float64(0.33282356841341737), np.float64(0.8142361582799527))",DPO_dataset/Img_A/A_748.png,DPO_dataset/Img_B/B_748.png,DPO_dataset/Img_true/Real_748.png,DPO_dataset/Img_baseline/Baseline_748.png,,
749,"(np.float64(0.12710675007601482), np.float64(0.8194508801915666))",DPO_dataset/Img_A/A_749.png,DPO_dataset/Img_B/B_749.png,DPO_dataset/Img_true/Real_749.png,DPO_dataset/Img_baseline/Baseline_749.png,DPO_dataset/Img_A/A_749.png,DPO_dataset/Img_A/A_749.png
750,"(np.float64(0.2635642966141501), np.float64(0.8390198864243382))",DPO_dataset/Img_A/A_750.png,DPO_dataset/Img_B/B_750.png,DPO_dataset/Img_true/Real_750.png,DPO_dataset/Img_baseline/Baseline_750.png,DPO_dataset/Img_A/A_750.png,DPO_dataset/Img_B/B_750.png
751,"(np.float64(0.37133287054043446), np.float64(0.8665801817384091))",DPO_dataset/Img_A/A_751.png,DPO_dataset/Img_B/B_751.png,DPO_dataset/Img_true/Real_751.png,DPO_dataset/Img_baseline/Baseline_751.png,,
752,"(np.float64(0.096178956254103), np.float64(0.8345746076453299))",DPO_dataset/Img_A/A_752.png,DPO_dataset/Img_B/B_752.png,DPO_dataset/Img_true/Real_752.png,DPO_dataset/Img_baseline/Baseline_752.png,,
753,"(np.float64(0.3940059408626986), np.float64(0.668625354577725))",DPO_dataset/Img_A/A_753.png,DPO_dataset/Img_B/B_753.png,DPO_dataset/Img_true/Real_753.png,DPO_dataset/Img_baseline/Baseline_753.png,DPO_dataset/Img_B/B_753.png,DPO_dataset/Img_A/A_753.png
754,"(np.float64(0.3087303393803507), np.float64(0.7763941468812069))",DPO_dataset/Img_A/A_754.png,DPO_dataset/Img_B/B_754.png,DPO_dataset/Img_true/Real_754.png,DPO_dataset/Img_baseline/Baseline_754.png,,
755,"(np.float64(0.23789032438447574), np.float64(0.6426279224619773))",DPO_dataset/Img_A/A_755.png,DPO_dataset/Img_B/B_755.png,DPO_dataset/Img_true/Real_755.png,DPO_dataset/Img_baseline/Baseline_755.png,,
756,"(np.float64(0.2440890391550122), np.float64(0.7297146820275138))",DPO_dataset/Img_A/A_756.png,DPO_dataset/Img_B/B_756.png,DPO_dataset/Img_true/Real_756.png,DPO_dataset/Img_baseline/Baseline_756.png,DPO_dataset/Img_A/A_756.png,DPO_dataset/Img_A/A_756.png
757,"(np.float64(0.3777833875515066), np.float64(1.0))",DPO_dataset/Img_A/A_757.png,DPO_dataset/Img_B/B_757.png,DPO_dataset/Img_true/Real_757.png,DPO_dataset/Img_baseline/Baseline_757.png,DPO_dataset/Img_A/A_757.png,DPO_dataset/Img_B/B_757.png
758,"(np.float64(0.1466793021454663), np.float64(0.6568007770906011))",DPO_dataset/Img_A/A_758.png,DPO_dataset/Img_B/B_758.png,DPO_dataset/Img_true/Real_758.png,DPO_dataset/Img_baseline/Baseline_758.png,,
759,"(np.float64(0.23650242272914604), np.float64(0.7915393049730903))",DPO_dataset/Img_A/A_759.png,DPO_dataset/Img_B/B_759.png,DPO_dataset/Img_true/Real_759.png,DPO_dataset/Img_baseline/Baseline_759.png,,
760,"(np.float64(0.4585320894477659), np.float64(0.7970561750298882))",DPO_dataset/Img_A/A_760.png,DPO_dataset/Img_B/B_760.png,DPO_dataset/Img_true/Real_760.png,DPO_dataset/Img_baseline/Baseline_760.png,,
761,"(np.float64(0.4958606534467788), np.float64(0.5302227687402687))",DPO_dataset/Img_A/A_761.png,DPO_dataset/Img_B/B_761.png,DPO_dataset/Img_true/Real_761.png,DPO_dataset/Img_baseline/Baseline_761.png,DPO_dataset/Img_A/A_761.png,DPO_dataset/Img_B/B_761.png
762,"(np.float64(0.3662427127873459), np.float64(0.6023930351229052))",DPO_dataset/Img_A/A_762.png,DPO_dataset/Img_B/B_762.png,DPO_dataset/Img_true/Real_762.png,DPO_dataset/Img_baseline/Baseline_762.png,DPO_dataset/Img_A/A_762.png,DPO_dataset/Img_A/A_762.png
763,"(np.float64(0.3543736714749749), np.float64(0.9229248857512993))",DPO_dataset/Img_A/A_763.png,DPO_dataset/Img_B/B_763.png,DPO_dataset/Img_true/Real_763.png,DPO_dataset/Img_baseline/Baseline_763.png,,
764,"(np.float64(0.20477513286725038), np.float64(0.8233863351293489))",DPO_dataset/Img_A/A_764.png,DPO_dataset/Img_B/B_764.png,DPO_dataset/Img_true/Real_764.png,DPO_dataset/Img_baseline/Baseline_764.png,,
765,"(np.float64(0.259405598556173), np.float64(0.8874798377662572))",DPO_dataset/Img_A/A_765.png,DPO_dataset/Img_B/B_765.png,DPO_dataset/Img_true/Real_765.png,DPO_dataset/Img_baseline/Baseline_765.png,,
766,"(np.float64(0.3859834172427332), np.float64(0.9584891924076763))",DPO_dataset/Img_A/A_766.png,DPO_dataset/Img_B/B_766.png,DPO_dataset/Img_true/Real_766.png,DPO_dataset/Img_baseline/Baseline_766.png,,
767,"(np.float64(0.16340249437624957), np.float64(0.8167420228928992))",DPO_dataset/Img_A/A_767.png,DPO_dataset/Img_B/B_767.png,DPO_dataset/Img_true/Real_767.png,DPO_dataset/Img_baseline/Baseline_767.png,DPO_dataset/Img_B/B_767.png,DPO_dataset/Img_A/A_767.png
768,"(np.float64(0.41084140102286976), np.float64(0.8640876178026401))",DPO_dataset/Img_A/A_768.png,DPO_dataset/Img_B/B_768.png,DPO_dataset/Img_true/Real_768.png,DPO_dataset/Img_baseline/Baseline_768.png,,
769,"(np.float64(0.2438302539344535), np.float64(0.8986867573835863))",DPO_dataset/Img_A/A_769.png,DPO_dataset/Img_B/B_769.png,DPO_dataset/Img_true/Real_769.png,DPO_dataset/Img_baseline/Baseline_769.png,,
770,"(np.float64(0.3009019254481026), np.float64(0.9145445325436654))",DPO_dataset/Img_A/A_770.png,DPO_dataset/Img_B/B_770.png,DPO_dataset/Img_true/Real_770.png,DPO_dataset/Img_baseline/Baseline_770.png,DPO_dataset/Img_B/B_770.png,DPO_dataset/Img_A/A_770.png
771,"(np.float64(0.47701261801848993), np.float64(0.983131799007401))",DPO_dataset/Img_A/A_771.png,DPO_dataset/Img_B/B_771.png,DPO_dataset/Img_true/Real_771.png,DPO_dataset/Img_baseline/Baseline_771.png,DPO_dataset/Img_B/B_771.png,DPO_dataset/Img_A/A_771.png
772,"(np.float64(0.5257322226220985), np.float64(0.7843498078843433))",DPO_dataset/Img_A/A_772.png,DPO_dataset/Img_B/B_772.png,DPO_dataset/Img_true/Real_772.png,DPO_dataset/Img_baseline/Baseline_772.png,,
773,"(np.float64(0.3091472519570004), np.float64(0.7979269105195165))",DPO_dataset/Img_A/A_773.png,DPO_dataset/Img_B/B_773.png,DPO_dataset/Img_true/Real_773.png,DPO_dataset/Img_baseline/Baseline_773.png,,
774,"(np.float64(0.20759623052225643), np.float64(0.7178060706919688))",DPO_dataset/Img_A/A_774.png,DPO_dataset/Img_B/B_774.png,DPO_dataset/Img_true/Real_774.png,DPO_dataset/Img_baseline/Baseline_774.png,,
775,"(np.float64(0.2576767589269088), np.float64(0.9952064462643674))",DPO_dataset/Img_A/A_775.png,DPO_dataset/Img_B/B_775.png,DPO_dataset/Img_true/Real_775.png,DPO_dataset/Img_baseline/Baseline_775.png,DPO_dataset/Img_B/B_775.png,DPO_dataset/Img_A/A_775.png
776,"(np.float64(0.3791564102535173), np.float64(0.8316153367355134))",DPO_dataset/Img_A/A_776.png,DPO_dataset/Img_B/B_776.png,DPO_dataset/Img_true/Real_776.png,DPO_dataset/Img_baseline/Baseline_776.png,,
777,"(np.float64(0.08843124126301916), np.float64(0.715785443374302))",DPO_dataset/Img_A/A_777.png,DPO_dataset/Img_B/B_777.png,DPO_dataset/Img_true/Real_777.png,DPO_dataset/Img_baseline/Baseline_777.png,DPO_dataset/Img_B/B_777.png,DPO_dataset/Img_A/A_777.png
778,"(np.float64(0.2458439399669096), np.float64(0.8236976960289246))",DPO_dataset/Img_A/A_778.png,DPO_dataset/Img_B/B_778.png,DPO_dataset/Img_true/Real_778.png,DPO_dataset/Img_baseline/Baseline_778.png,,
779,"(np.float64(0.26500631976441774), np.float64(0.7824549305531222))",DPO_dataset/Img_A/A_779.png,DPO_dataset/Img_B/B_779.png,DPO_dataset/Img_true/Real_779.png,DPO_dataset/Img_baseline/Baseline_779.png,DPO_dataset/Img_A/A_779.png,DPO_dataset/Img_A/A_779.png
780,"(np.float64(0.39344487433209874), np.float64(0.7023190388963362))",DPO_dataset/Img_A/A_780.png,DPO_dataset/Img_B/B_780.png,DPO_dataset/Img_true/Real_780.png,DPO_dataset/Img_baseline/Baseline_780.png,DPO_dataset/Img_B/B_780.png,DPO_dataset/Img_B/B_780.png
781,"(np.float64(0.23786743978583713), np.float64(0.8660351128079816))",DPO_dataset/Img_A/A_781.png,DPO_dataset/Img_B/B_781.png,DPO_dataset/Img_true/Real_781.png,DPO_dataset/Img_baseline/Baseline_781.png,DPO_dataset/Img_A/A_781.png,DPO_dataset/Img_A/A_781.png
782,"(np.float64(0.2075433611099423), np.float64(0.8677793782633372))",DPO_dataset/Img_A/A_782.png,DPO_dataset/Img_B/B_782.png,DPO_dataset/Img_true/Real_782.png,DPO_dataset/Img_baseline/Baseline_782.png,,
783,"(np.float64(0.32858528882239785), np.float64(0.9788878455926331))",DPO_dataset/Img_A/A_783.png,DPO_dataset/Img_B/B_783.png,DPO_dataset/Img_true/Real_783.png,DPO_dataset/Img_baseline/Baseline_783.png,,
784,"(np.float64(0.31301742449673614), np.float64(0.8675496674196809))",DPO_dataset/Img_A/A_784.png,DPO_dataset/Img_B/B_784.png,DPO_dataset/Img_true/Real_784.png,DPO_dataset/Img_baseline/Baseline_784.png,,
785,"(np.float64(0.17814288366272324), np.float64(1.0))",DPO_dataset/Img_A/A_785.png,DPO_dataset/Img_B/B_785.png,DPO_dataset/Img_true/Real_785.png,DPO_dataset/Img_baseline/Baseline_785.png,,
786,"(np.float64(0.2644408177463383), np.float64(0.8226418563561589))",DPO_dataset/Img_A/A_786.png,DPO_dataset/Img_B/B_786.png,DPO_dataset/Img_true/Real_786.png,DPO_dataset/Img_baseline/Baseline_786.png,,
787,"(np.float64(0.5315813215690841), np.float64(0.731662380418934))",DPO_dataset/Img_A/A_787.png,DPO_dataset/Img_B/B_787.png,DPO_dataset/Img_true/Real_787.png,DPO_dataset/Img_baseline/Baseline_787.png,,
788,"(np.float64(0.2652327762549585), np.float64(0.7298535890045157))",DPO_dataset/Img_A/A_788.png,DPO_dataset/Img_B/B_788.png,DPO_dataset/Img_true/Real_788.png,DPO_dataset/Img_baseline/Baseline_788.png,DPO_dataset/Img_A/A_788.png,DPO_dataset/Img_A/A_788.png
789,"(np.float64(0.2543209023965143), np.float64(0.8305775865921893))",DPO_dataset/Img_A/A_789.png,DPO_dataset/Img_B/B_789.png,DPO_dataset/Img_true/Real_789.png,DPO_dataset/Img_baseline/Baseline_789.png,,
790,"(np.float64(0.3435436056828766), np.float64(0.6578636930416721))",DPO_dataset/Img_A/A_790.png,DPO_dataset/Img_B/B_790.png,DPO_dataset/Img_true/Real_790.png,DPO_dataset/Img_baseline/Baseline_790.png,DPO_dataset/Img_B/B_790.png,DPO_dataset/Img_B/B_790.png
791,"(np.float64(0.3107209655026214), np.float64(0.7374070030040232))",DPO_dataset/Img_A/A_791.png,DPO_dataset/Img_B/B_791.png,DPO_dataset/Img_true/Real_791.png,DPO_dataset/Img_baseline/Baseline_791.png,,
792,"(np.float64(0.19223361954911666), np.float64(0.8875730887173892))",DPO_dataset/Img_A/A_792.png,DPO_dataset/Img_B/B_792.png,DPO_dataset/Img_true/Real_792.png,DPO_dataset/Img_baseline/Baseline_792.png,,
793,"(np.float64(0.32832747197396506), np.float64(0.8768935732618106))",DPO_dataset/Img_A/A_793.png,DPO_dataset/Img_B/B_793.png,DPO_dataset/Img_true/Real_793.png,DPO_dataset/Img_baseline/Baseline_793.png,,
794,"(np.float64(0.41763929631101476), np.float64(0.8039452132589465))",DPO_dataset/Img_A/A_794.png,DPO_dataset/Img_B/B_794.png,DPO_dataset/Img_true/Real_794.png,DPO_dataset/Img_baseline/Baseline_794.png,,
795,"(np.float64(0.28736080173700607), np.float64(0.7421485467781394))",DPO_dataset/Img_A/A_795.png,DPO_dataset/Img_B/B_795.png,DPO_dataset/Img_true/Real_795.png,DPO_dataset/Img_baseline/Baseline_795.png,,
796,"(np.float64(0.365406169937874), np.float64(0.6641866395680122))",DPO_dataset/Img_A/A_796.png,DPO_dataset/Img_B/B_796.png,DPO_dataset/Img_true/Real_796.png,DPO_dataset/Img_baseline/Baseline_796.png,DPO_dataset/Img_B/B_796.png,DPO_dataset/Img_A/A_796.png
797,"(np.float64(0.30429566032508876), np.float64(0.768101713097331))",DPO_dataset/Img_A/A_797.png,DPO_dataset/Img_B/B_797.png,DPO_dataset/Img_true/Real_797.png,DPO_dataset/Img_baseline/Baseline_797.png,,
798,"(np.float64(0.20233095074911997), np.float64(0.8590830801466263))",DPO_dataset/Img_A/A_798.png,DPO_dataset/Img_B/B_798.png,DPO_dataset/Img_true/Real_798.png,DPO_dataset/Img_baseline/Baseline_798.png,,
799,"(np.float64(0.2559441306551541), np.float64(0.9524740530459304))",DPO_dataset/Img_A/A_799.png,DPO_dataset/Img_B/B_799.png,DPO_dataset/Img_true/Real_799.png,DPO_dataset/Img_baseline/Baseline_799.png,,
